:1000000049B130230000000001000000030000009F
:1000100000000600B02000000039000000000000D1
:10002000010000002C8D00002C950000FC8B0000CE
:10003000000000000C8C0000000000000A0000001E
:1000400090200000000000006C250000ED11BE1A99
:10005000000000000300000001000000010000009B
:10006000000000000100000001000000010000008D
:1000700001000000010000000A000000090000006B
:10008000100000000A00000009000000000000004D
:1000900080040000696E7075745F346400000000B5
:1000A0000000000000000000000000000000000050
:1000B0000000000000000000000000000000000040
:1000C000000000006669726567726F756E645F7626
:1000D000325F7662785F6E6F5F72657368617065BC
:1000E0005F312F636F6E76315F312F52656C753BD8
:1000F000537461748C1300000000000001000000C4
:100100000000000000000000000000000A000000E5
:100110000A0000000A0000000A00000000000000C1
:1001200000000000000000000900000009000000BD
:1001300009000000090000000000000001000000AC
:1001400000000000000000000000000001000000AE
:1001500001000000040000003C1800000000000046
:1001600080FFFFFF7F000000FFFFFFFFFFFFFFFF9B
:10017000FFFFFFFFFFFFFFFFFBFFFFFF0046000049
:1001800000000000404600000000000080FFFFFF6C
:10019000100000000100000001000000010000004C
:1001A000010000000000000000000000100000003E
:1001B0000100000003000000090000000100000031
:1001C000010000000000000001000000010000002C
:1001D000010000000000000000000000000000001E
:1001E000000000000000000001000000010000000D
:1001F0000000000001000000FFFFFFFFFFFFFFFF06
:10020000FFFFFFFFFFFFFFFFFFFFFFFFFFFFFFFFFE
:10021000000000000100000000000000C0460000D7
:10022000000000008046000000000000204A00009E
:1002300000000000FFFFFFFFFFFFFFFF01000000C5
:1002400003000000010000000100000000000000A9
:10025000010000000100000001000000010000009A
:100260001000000008000000010000002000000055
:10027000080000000100000000000000C0000000B5
:100280006669726567726F756E645F76325F7662FB
:10029000785F6E6F5F726573686170655F312F6341
:1002A0006F6E76315F312F52656C753B537461749C
:1002B0006669726567726F756E645F76325F7662CB
:1002C000785F6E6F5F726573686170655F312F6311
:1002D0006F6E76325F312F52656C753B537461746B
:1002E000B814000000000000000000000000000042
:1002F00000000000000000000800000008000000EE
:1003000008000000080000000000000000000000DD
:1003100000000000010000000100000001000000DA
:1003200001000000000000000100000000000000CB
:1003300000000000000000000100000001000000BB
:10034000020000006C1900000000000080FFFFFFA9
:100350007F000000FFFFFFFFFFFFFFFFFFFFFFFF2A
:10036000FFFFFFFF80FFFFFFA04A0000000000002A
:10037000204B00000000000080FFFFFF2000000075
:100380000100000001000000010000000100000069
:10039000000000000000000020000000100000002D
:1003A0000300000001000000010000001000000038
:1003B000000000000100000001000000010000003A
:1003C000000000000000000000000000000000002D
:1003D000000000000100000000000000000000001C
:1003E00001000000FFFFFFFFFFFFFFFFFFFFFFFF18
:1003F000FFFFFFFFFFFFFFFFFFFFFFFF0000000009
:100400000200000000000000204C0000000000007E
:10041000A04B00000000000020520000000000007F
:10042000FFFFFFFFFFFFFFFF0100000003000000D0
:1004300001000000010000000000000001000000B9
:100440000100000001000000010000002000000089
:10045000060000000100000020000000060000006F
:1004600001000000000000002000000066697265C5
:1004700067726F756E645F76325F7662785F6E6FFB
:100480005F726573686170655F312F636F6E76327E
:100490005F312F52656C753B537461746669726588
:1004A00067726F756E645F76325F7662785F6E6FCB
:1004B0005F726573686170655F312F6D65616E5F36
:1004C000636F6E765F312F636F6E766FB8140000C6
:1004D000000000000000000000000000000000001C
:1004E00000000000060000000600000006000000FA
:1004F00006000000000000000000000000000000F6
:1005000001000000010000000100000001000000E7
:1005100000000000010000000000000000000000DA
:1005200000000000010000000100000002000000C7
:10053000041A00000000000080FFFFFF7F000000A1
:10054000FFFFFFFFFFFFFFFFFFFFFFFFFFFFFFFFBB
:1005500080FFFFFF2053000000000000A0530000B8
:100560000000000080FFFFFF2000000001000000ED
:100570000100000001000000010000000000000078
:100580000000000020000000200000000600000025
:100590000100000001000000200000000000000039
:1005A0000100000001000000010000000000000048
:1005B000000000000000000000000000000000003B
:1005C0000100000000000000000000000100000029
:1005D000FFFFFFFFFFFFFFFFFFFFFFFFFFFFFFFF2B
:1005E000FFFFFFFFFFFFFFFF000000000300000010
:1005F00000000000A0540000000000002054000093
:1006000000000000A06C000000000000FFFFFFFFE2
:10061000FFFFFFFF010000000300000001000000D9
:1006200001000000000000000100000001000000C7
:100630000100000001000000200000000100000097
:100640000100000020000000010000000100000087
:1006500000000000200000006669726567726F7517
:100660006E645F76325F7662785F6E6F5F7265731D
:10067000686170655F312F6D65616E5F636F6E7667
:100680005F312F636F6E766F6669726567726F7523
:100690006E645F76325F7662785F6E6F5F726573ED
:1006A000686170655F312F64656E73655F73686143
:1006B0007265645F312F5265B814000000000000BD
:1006C000000000000000000000000000000000002A
:1006D0000100000001000000010000000100000016
:1006E0000000000000000000000000000100000009
:1006F00001000000010000000100000000000000F7
:1007000001000000000000000000000000000000E8
:100710000100000001000000020000009C1A00001F
:100720000000000080FFFFFF7F000000FFFFFFFFD1
:10073000FFFFFFFFFFFFFFFFFFFFFFFF80FFFFFF48
:10074000A06D000000000000206E0000000000000E
:1007500080FFFFFF200000000100000001000000FA
:100760000100000001000000000000000000000087
:100770002000000020000000010000000100000037
:100780000100000020000000000000000100000047
:100790000100000001000000000000000000000057
:1007A0000000000000000000000000000100000048
:1007B000000000000000000001000000FFFFFFFF3C
:1007C000FFFFFFFFFFFFFFFFFFFFFFFFFFFFFFFF39
:1007D000FFFFFFFF00000000040000000000000019
:1007E000206F000000000000A06E0000000000006C
:1007F0002073000000000000FFFFFFFFFFFFFFFF6E
:1008000001000000030000000100000001000000E2
:1008100000000000010000000100000001000000D5
:1008200001000000200000000100000001000000A5
:1008300003000000010000000100000000000000B3
:10084000080000006669726567726F756E645F7696
:10085000325F7662785F6E6F5F7265736861706534
:100860005F312F64656E73655F7368617265645F85
:10087000312F52656669726567726F756E645F7657
:10088000325F7662785F6E6F5F7265736861706504
:100890005F312F61637469766974795F6C6F676922
:1008A00074735F31B8140000000000000000000005
:1008B0000000000000000000000000000100000037
:1008C0000100000001000000010000000000000025
:1008D0000000000000000000010000000100000016
:1008E0000100000001000000000000000100000005
:1008F00000000000000000000000000001000000F7
:100900000100000002000000341B00000000000095
:1009100080FFFFFF7F000000FFFFFFFFFFFFFFFFE3
:10092000FFFFFFFFFFFFFFFF80FFFFFF20740000BE
:10093000000000002C7400000000000024000000F3
:1009400003000000010000000100000001000000A1
:100950000100000000000000000000000300000093
:100960002000000001000000010000000100000064
:100970002000000000000000010000000100000055
:100980000100000000000000000000000000000066
:100990000000000000000000010000000000000056
:1009A0000000000001000000FFFFFFFFFFFFFFFF4E
:1009B000FFFFFFFFFFFFFFFFFFFFFFFFFFFFFFFF47
:1009C0000000000006000000010000004874000064
:1009D00000000000387400000000000048750000AE
:1009E00000000000FFFFFFFFFFFFFFFF010000000E
:1009F0002C010000010000000100000000000000C8
:100A000001000000010000000100000001000000E2
:100A100003000000010000000100000003000000CE
:100A200001000000010000000000000008000000BC
:100A30006669726567726F756E645F76325F766243
:100A4000785F6E6F5F726573686170655F312F618B
:100A5000637469766974795F6C6F676974735F3109
:100A60004964656E7469747900000000000000003C
:100A70000000000000000000000000000000000076
:100A80000000000000000000000000000000000066
:100A9000B814000000000000010000000000000089
:100AA0000000000000000000010000000100000044
:100AB0000100000001000000000000000000000034
:100AC0000000000001000000010000000100000023
:100AD0000100000000000000010000000000000014
:100AE0000000000000000000010000000100000004
:100AF00004000000CC1B000000000000FFFFFFFF0F
:100B0000FFFFFFFFFFFFFFFFFFFFFFFFFFFFFFFFF5
:100B1000FFFFFFFF24000000FFFFFFFFFFFFFFFFBD
:100B2000FFFFFFFFFFFFFFFF80FFFFFF0000000050
:100B300000000000000000000000000000000000B5
:100B400000000000000000000000000000000000A5
:100B50000000000000000000000000000000000095
:100B60000000000000000000000000000000000085
:100B70000000000000000000000000000000000075
:100B80000000000000000000000000000000000065
:100B90000000000000000000000000000000000055
:100BA0000000000000000000000000000000000045
:100BB0000000000000000000000000000000000035
:100BC0000000000000000000000000000000000025
:100BD0000000000000000000000000000300000012
:100BE0000100000001000000000000000100000002
:100BF00001000000010000000100000020000000D2
:100C000001000000010000000300000001000000DE
:100C10000100000000000000080000006669726525
:100C200067726F756E645F76325F7662785F6E6F43
:100C30005F726573686170655F312F64656E73659F
:100C40005F7368617265645F312F526566697265B2
:100C500067726F756E645F76325F7662785F6E6F13
:100C60005F726573686170655F312F706879736951
:100C70006F6C6F676963616C5F6C6F67E415000090
:100C80000000000000000000000000000000000064
:100C90000000000001000000010000000100000051
:100CA0000100000000000000000000000000000043
:100CB0000100000001000000010000000100000030
:100CC0000000000001000000000000000000000023
:100CD0000000000001000000010000000200000010
:100CE000FC1C00000000000080FFFFFF7F000000F0
:100CF000FFFFFFFFFFFFFFFFFFFFFFFFFFFFFFFF04
:100D000080FFFFFFC07B000000000000CC7B0000E4
:100D1000000000001B0000000300000001000000B4
:100D200001000000010000000100000000000000C0
:100D3000000000000300000020000000010000008F
:100D40000100000001000000200000000000000081
:100D50000100000001000000010000000000000090
:100D60000000000000000000000000000000000083
:100D70000100000000000000000000000100000071
:100D8000FFFFFFFFFFFFFFFFFFFFFFFFFFFFFFFF73
:100D9000FFFFFFFFFFFFFFFF010000000800000052
:100DA00001000000E87B000000000000D87B00008C
:100DB00000000000E87C000000000000FFFFFFFFD3
:100DC000FFFFFFFF010000002C01000001000000F8
:100DD0000100000000000000010000000100000010
:100DE00001000000010000000300000001000000FD
:100DF00001000000030000000100000001000000ED
:100E000000000000080000006669726567726F7577
:100E10006E645F76325F7662785F6E6F5F72657365
:100E2000686170655F312F70687973696F6C6F6787
:100E30006963616C5F6C6F674964656E746974792E
:100E40005F32000000000000000000000000000011
:100E50000000000000000000000000000000000092
:100E60000000000000000000E41500000000000089
:100E70000100000000000000000000000000000071
:100E8000010000000100000001000000010000005E
:100E90000000000000000000000000000100000051
:100EA000010000000100000001000000000000003F
:100EB0000100000000000000000000000000000031
:100EC000010000000100000004000000941D00006B
:100ED00000000000FFFFFFFFFFFFFFFFFFFFFFFF1E
:100EE000FFFFFFFFFFFFFFFFFFFFFFFF1B000000F3
:100EF000FFFFFFFFFFFFFFFFFFFFFFFFFFFFFFFF02
:100F000080FFFFFF00000000000000000000000064
:100F100000000000000000000000000000000000D1
:100F200000000000000000000000000000000000C1
:100F300000000000000000000000000000000000B1
:100F400000000000000000000000000000000000A1
:100F50000000000000000000000000000000000091
:100F60000000000000000000000000000000000081
:100F70000000000000000000000000000000000071
:100F80000000000000000000000000000000000061
:100F90000000000000000000000000000000000051
:100FA0000000000000000000000000000000000041
:100FB000000000000300000001000000010000002C
:100FC000000000000100000001000000010000001E
:100FD00001000000200000000100000001000000EE
:100FE00002000000010000000100000000000000FD
:100FF000080000006669726567726F756E645F76DF
:10100000325F7662785F6E6F5F726573686170657C
:101010005F312F64656E73655F7368617265645FCD
:10102000312F52656669726567726F756E645F769F
:10103000325F7662785F6E6F5F726573686170654C
:101040005F312F656E7669726F6E6D656E745F6C61
:101050006F676974101700000000000000000000B6
:10106000000000000000000000000000010000007F
:10107000010000000100000001000000000000006D
:10108000000000000000000001000000010000005E
:10109000010000000100000000000000010000004D
:1010A000000000000000000000000000010000003F
:1010B0000100000002000000C41E0000000000004B
:1010C00080FFFFFF7F000000FFFFFFFFFFFFFFFF2C
:1010D000FFFFFFFFFFFFFFFF80FFFFFF40830000D8
:1010E0000000000048830000000000001C00000019
:1010F00002000000010000000100000001000000EB
:1011000001000000000000000000000002000000DC
:1011100020000000010000000100000001000000AC
:10112000200000000000000001000000010000009D
:1011300001000000000000000000000000000000AE
:10114000000000000000000001000000000000009E
:101150000100000001000000FFFFFFFFFFFFFFFF95
:10116000FFFFFFFFFFFFFFFFFFFFFFFFFFFFFFFF8F
:1011700001000000FFFFFFFF000000005883000097
:1011800000000000508300000000000058840000B0
:1011900000000000FFFFFFFFFFFFFFFF0100000056
:1011A0002C01000001000000010000000000000010
:1011B000010000000100000001000000010000002B
:1011C0000200000001000000010000000200000019
:1011D0000100000001000000000000000800000005
:1011E0006669726567726F756E645F76325F76628C
:1011F000785F6E6F5F726573686170655F312F65D0
:101200006E7669726F6E6D656E745F6C6F67697410
:101210004964656E746974795F31000000000000F4
:1012200000000000000000000000000000000000BE
:1012300000000000000000000000000000000000AE
:101240001017000000000000010000000000000076
:10125000000000000000000001000000010000008C
:10126000010000000100000000000000000000007C
:10127000000000000100000001000000010000006B
:10128000010000000000000001000000000000005C
:10129000000000000000000001000000010000004C
:1012A000040000005C1F000000000000FFFFFFFFC3
:1012B000FFFFFFFFFFFFFFFFFFFFFFFFFFFFFFFF3E
:1012C000FFFFFFFF1C000000FFFFFFFFFFFFFFFF0E
:1012D000FFFFFFFFFFFFFFFF80FFFFFF0000000099
:1012E00000000000000000000000000000000000FE
:1012F00000000000000000000000000000000000EE
:1013000000000000000000000000000000000000DD
:1013100000000000000000000000000000000000CD
:1013200000000000000000000000000000000000BD
:1013300000000000000000000000000000000000AD
:10134000000000000000000000000000000000009D
:10135000000000000000000000000000000000008D
:10136000000000000000000000000000000000007D
:10137000000000000000000000000000000000006D
:10138000000000000000000000000000310100002B
:101390000100000001000000010000000100000049
:1013A0000100000001000000010000000100000039
:1013B000000000000000000000000000000000002D
:1013C000000000000000000000000000010000001C
:1013D000010000000200000080FFFFFF7F0000000E
:1013E000FFFFFFFFFFFFFFFFFFFFFFFFFFFFFFFF0D
:1013F00080FFFFFFFFFFFFFFFFFFFFFFFFFFFFFF7C
:10140000FFFFFFFF80FFFFFF00000000FFFFFFFF67
:10141000FFFFFFFF080000000800000001000000BF
:1014200001000000080000000800000009000000A2
:1014300009000000010000000000000000000000A2
:10144000000000000000000000000000000000009C
:10145000000000000000000000000000000000008C
:10146000000000000000000000000000000000007C
:10147000000000000000000000000000000000006C
:10148000000000000000000000000000000000005C
:10149000000000000000000000000000000000004C
:1014A000000000000000000000000000000000003C
:1014B0000000000000000000190000000100000012
:1014C0000100000001000000010000000100000018
:1014D0000100000001000000010000000000000009
:1014E00000000000000000000000000000000000FC
:1014F00000000000000000000100000001000000EA
:101500000200000080FFFFFF7F0000006075000008
:10151000000000006475000000000000FFFFFFFFF6
:10152000FFFFFFFFFFFFFFFFFFFFFFFFFFFFFFFFCB
:1015300080FFFFFF00000000FFFFFFFFFFFFFFFF36
:10154000FFFFFFFFFDFFFFFF03000000780000002A
:1015500068750000000000006879000000000000CD
:10156000487B0000000000000000000000000000B8
:10157000000000000000000000000000000000006B
:10158000000000000000000000000000000000005B
:10159000000000000000000000000000000000004B
:1015A000000000000000000000000000000000003B
:1015B000000000000000000000000000000000002B
:1015C000000000000000000000000000000000001B
:1015D000000000000000000000000000000000000B
:1015E00000000000190000000100000001000000E0
:1015F00001000000010000000100000001000000E7
:1016000001000000010000000000000000000000D8
:1016100000000000000000000000000000000000CA
:1016200000000000010000000100000002000000B6
:1016300080FFFFFF7F000000007D00000000000031
:10164000047D000000000000FFFFFFFFFFFFFFFF21
:10165000FFFFFFFFFFFFFFFFFFFFFFFF80FFFFFF19
:1016600000000000FFFFFFFFFFFFFFFFFFFFFFFF86
:10167000FDFFFFFF0300000071000000087D000077
:10168000000000000881000000000000CC82000083
:10169000000000000000000000000000000000004A
:1016A000000000000000000000000000000000003A
:1016B000000000000000000000000000000000002A
:1016C000000000000000000000000000000000001A
:1016D000000000000000000000000000000000000A
:1016E00000000000000000000000000000000000FA
:1016F00000000000000000000000000000000000EA
:1017000000000000000000000000000000000000D9
:1017100019000000010000000100000001000000AD
:1017200001000000010000000100000001000000B5
:1017300001000000000000000000000000000000A8
:101740000000000000000000000000000000000099
:1017500001000000010000000200000080FFFFFF08
:101760007F00000068840000000000006C8400001E
:1017700000000000FFFFFFFFFFFFFFFFFFFFFFFF75
:10178000FFFFFFFFFFFFFFFF80FFFFFF00000000E4
:10179000FFFFFFFFFFFFFFFFFFFFFFFFFDFFFFFF5B
:1017A00002000000AF000000708400000000000094
:1017B00070880000000000002C8B0000000000007A
:1017C0000000000000000000000000000000000019
:1017D0000000000000000000000000000000000009
:1017E00000000000000000000000000000000000F9
:1017F00000000000000000000000000000000000E9
:1018000000000000000000000000000000000000D8
:1018100000000000000000000000000000000000C8
:1018200000000000000000000000000000000000B8
:1018300000000000000000000000000001000000A7
:1018400001000000010000000A0000000900000083
:101850000000000000000000040000000000000084
:10186000000000004BC7EB3C5E070000FBFFFFFFE2
:10187000FFFFFFFFFFFFFFFF000000001C8C0000C8
:101880001C8C0000000000000100000001000000AE
:101890001000000008000000090000000000000027
:1018A0000000000004000000000000000000000034
:1018B00037A8CA3CFFFFFFFF80FFFFFFFFFFFFFFCE
:1018C000FFFFFFFF000000002C8D00002C8D0000AA
:1018D00000000000010000000100000010000000F6
:1018E00008000000090000000000000000000000E7
:1018F00004000000000000000000000037A8CA3CFF
:10190000FFFFFFFF80FFFFFFFFFFFFFFFFFFFFFF66
:10191000000000002C8D00002C8D00000000000055
:10192000010000000100000010000000080000009D
:1019300001000000000000000000000004000000A2
:10194000000000000000000037A8CA3CFFFFFFFFB6
:1019500080FFFFFFFFFFFFFFFFFFFFFF0000000012
:101960002C9300002C9300000000000001000000F8
:10197000010000001000000008000000010000004D
:101980000000000000000000040000000000000053
:101990000000000037A8CA3CFFFFFFFF80FFFFFFE9
:1019A000FFFFFFFFFFFFFFFF000000002C93000080
:1019B0002C93000000000000010000000100000066
:1019C00020000000060000000100000000000000F0
:1019D0000000000004000000000000000000000003
:1019E000BACB073DFFFFFFFF80FFFFFFFFFFFFFFB9
:1019F000FFFFFFFF000000002C8D00002C8D000079
:101A000000000000010000000100000020000000B4
:101A100006000000010000000000000000000000BF
:101A2000040000000000000000000000BACB073DE9
:101A3000FFFFFFFF80FFFFFFFFFFFFFFFFFFFFFF35
:101A4000000000002C8D00002C8D00000000000024
:101A50000100000001000000200000000100000063
:101A60000100000000000000000000000400000071
:101A700000000000000000007330FB3CFFFFFFFF90
:101A800080FFFFFFFFFFFFFFFFFFFFFF00000000E1
:101A90002C9100002C9100000000000001000000CB
:101AA0000100000020000000010000000100000013
:101AB0000000000000000000040000000000000022
:101AC000000000007330FB3CFFFFFFFF80FFFFFFC3
:101AD000FFFFFFFFFFFFFFFF000000002C91000051
:101AE0002C91000000000000010000000100000037
:101AF00020000000010000000100000000000000C4
:101B000000000000040000000000000000000000D1
:101B100010BA8F3DFFFFFFFF80FFFFFFFFFFFFFFBA
:101B2000FFFFFFFF000000002C8D00002C8D000047
:101B30000000000001000000010000002000000083
:101B40000100000001000000000000000000000093
:101B500004000000000000000000000010BA8F3DEB
:101B6000FFFFFFFF80FFFFFFFFFFFFFFFFFFFFFF04
:101B7000000000002C8D00002C8D000000000000F3
:101B8000010000000100000003000000010000004F
:101B90000100000000000000000000000400000040
:101BA0000000000000000000519A063EFFFFFFFF0A
:101BB00024000000FFFFFFFFFFFFFFFF0000000009
:101BC0002C8F00002C8F000000000000010000009E
:101BD00001000000030000000100000001000000FF
:101BE00000000000000000000400000000000000F1
:101BF00000000000519A063EFFFFFFFF2400000096
:101C0000FFFFFFFFFFFFFFFF000000002C8F000021
:101C10002C8F000000000000010000000100000007
:101C200003000000010000000100000000000000AF
:101C300000000000040000000000000000000000A0
:101C40000000803BFFFFFFFF80FFFFFFFFFFFFFF64
:101C5000FFFFFFFF000000005C8F00005C8F0000B2
:101C6000000000000100000001000000030000006F
:101C70000100000001000000000000000000000062
:101C8000040000000000000000000000519A063E21
:101C9000FFFFFFFF24000000FFFFFFFFFFFFFFFF2C
:101CA000000000005C8F00005C8F0000000000005E
:101CB000010000000100000003000000010000001E
:101CC000010000000000000000000000040000000F
:101CD00000000000000000000000803B0001000048
:101CE00080FFFFFFFFFFFFFFFFFFFFFF000000007F
:101CF000AC8C0000AC8C0000000000000100000073
:101D000001000000200000000100000001000000B0
:101D100000000000000000000400000000000000BF
:101D20000000000010BA8F3DFFFFFFFF80FFFFFFA4
:101D3000FFFFFFFFFFFFFFFF000000002C8D0000F2
:101D40002C8D0000000000000100000001000000D8
:101D5000030000000100000001000000000000007E
:101D6000000000000400000000000000000000006F
:101D7000F1B10E3EFFFFFFFF1B000000FFFFFFFF62
:101D8000FFFFFFFF000000002C8F00002C8F0000E1
:101D9000000000000100000001000000030000003E
:101DA0000100000001000000000000000000000031
:101DB000040000000000000000000000F1B10E3E31
:101DC000FFFFFFFF1B000000FFFFFFFFFFFFFFFF04
:101DD000000000002C8F00002C8F0000000000008D
:101DE00001000000010000000300000001000000ED
:101DF00001000000000000000000000004000000DE
:101E000000000000000000000000803BFFFFFFFF1B
:101E100080FFFFFFFFFFFFFFFFFFFFFF000000004D
:101E20005C8F00005C8F00000000000001000000DB
:101E3000010000000300000001000000010000009C
:101E4000000000000000000004000000000000008E
:101E500000000000F1B10E3EFFFFFFFF1B0000007D
:101E6000FFFFFFFFFFFFFFFF000000005C8F00008F
:101E70005C8F000000000000010000000100000075
:101E8000030000000100000001000000000000004D
:101E9000000000000400000000000000000000003E
:101EA0000000803B0001000080FFFFFFFFFFFFFFFD
:101EB000FFFFFFFF00000000DC8C0000DC8C000056
:101EC00000000000010000000100000020000000F0
:101ED0000100000001000000000000000000000000
:101EE00004000000000000000000000010BA8F3D58
:101EF000FFFFFFFF80FFFFFFFFFFFFFFFFFFFFFF71
:101F0000000000002C8D00002C8D0000000000005F
:101F100001000000010000000200000001000000BC
:101F200001000000000000000000000004000000AC
:101F300000000000000000000D65B33DFFFFFFFF43
:101F40001C000000FFFFFFFFFFFFFFFF000000007D
:101F50002C8F00002C8F000000000000010000000A
:101F6000010000000200000001000000010000006C
:101F7000000000000000000004000000000000005D
:101F8000000000000D65B33DFFFFFFFF1C000000D7
:101F9000FFFFFFFFFFFFFFFF000000002C8F00008E
:101FA0002C8F000000000000010000000100000074
:101FB000020000000100000001000000000000001D
:101FC000000000000400000000000000000000000D
:101FD0000000803BFFFFFFFF80FFFFFFFFFFFFFFD1
:101FE000FFFFFFFF000000002C8D00002C8D000083
:101FF00000000000010000000100000002000000DD
:1020000001000000010000000000000000000000CE
:102010000400000000000000000000000D65B33D5A
:10202000FFFFFFFF1C000000FFFFFFFFFFFFFFFFA0
:10203000000000002C8D00002C8D0000000000002E
:10204000010000000100000002000000010000008B
:10205000010000000000000000000000040000007B
:1020600000000000000000000000803B00010000B4
:1020700080FFFFFFFFFFFFFFFFFFFFFF00000000EB
:102080000C8D00000C8D000000000000000000001E
:10209000000000000000000060C38052FC5D0000F2
:1020A000C0DB8052FC5D000028E88052FC5D00002F
:1020B000000005000080320C00000000000000005D
:1020C0000180000010390000DCFF320C2400000009
:1020D0000000020000000100DCFF320C24000000C0
:1020E000000005000880320C000000000000000025
:1020F00001800000000000001080320C2000000071
:1021000003000000000000000000000000000000CC
:1021100003000000000000000000000000000000BC
:1021200000000200002000000880320C01000000C6
:10213000030000000000000000000000000000009C
:1021400000000200008000000880320C0100000046
:1021500001000200008000000880320C0100000035
:10216000030000000000000000000000000000006C
:10217000020002004800000000000000080000000B
:10218000020004000900000000000000010000003F
:102190000200000001000000080000001000000024
:1021A000C40100003080320C000000003080320C8E
:1021B000030000000000000000000000000000001C
:1021C000000005000000000000000000000000000A
:1021D000008000002C9300003080320C8000000052
:1021E00003000000000000000000000000000000EC
:1021F00003000000000000000000000000000000DC
:1022000003000000000000000000000000000000CB
:1022100000000200002000000880320C01000000D5
:1022200003000000000000000000000000000000AB
:1022300000000200008000000880320C0100000055
:1022400001000200008000000880320C0100000044
:10225000030000000000000000000000000000007B
:102260000000050000000000000000000000000069
:10227000008000002C8D00003080320CC000000077
:10228000030000000000000000000000000000004B
:10229000030000000000000000000000000000003B
:1022A000030000000000000000000000000000002B
:1022B00000000200002000000880320C0100000035
:1022C000030000000000000000000000000000000B
:1022D00000000200008000000880320C01000000B5
:1022E00001000200008000000880320C01000000A4
:1022F00003000000000000000000000000000000DB
:1023000000000500000000000000000000000000C8
:10231000008000002C9100003080320C2000000072
:1023200003000000000000000000000000000000AA
:10233000030000000000000000000000000000009A
:10234000030000000000000000000000000000008A
:1023500000000200002000000880320C0100000094
:10236000030000000000000000000000000000006A
:1023700000000200008000000880320C0100000014
:1023800001000200008000000880320C0100000003
:10239000030000000000000000000000000000003A
:1023A0000000050000000000000000000000000028
:1023B000008000002C8D00003080320C20000000D6
:1023C000030000000000000000000000000000000A
:1023D00003000000000000000000000000000000FA
:1023E00003000000000000000000000000000000EA
:1023F00000000200002000000880320C01000000F4
:1024000003000000000000000000000000000000C9
:1024100000000200008000000880320C0100000073
:1024200003000000000000000000000000000000A9
:1024300000000200002000000880320C01000000B3
:1024400001000200008000000880320C0100000042
:102450000300000000000000000000000000000079
:102460000000050000000000000000000000000067
:10247000008000002C8F00003080320C0300000030
:102480000300000000000000000000000000000049
:102490000300000000000000000000000000000039
:1024A0000200000000010000010000000100000027
:1024B0000880010000000000000000003880320C9D
:1024C0000000050000000000000000000000000007
:1024D00001800000687500003881320C00010000A6
:1024E00002000000000100000100000001000000E7
:1024F00021000100000000003880320C3880320CCE
:1025000002000400010000000100000001000000C2
:1025100002000000010000000001000001000000B6
:10252000220000003881320C3880320C3880320CA6
:102530000000050000000000000000000000000096
:1025400001800000687600003881320C0001000034
:102550000200000000010000010000000100000076
:1025600021000100400000003880320C3880320C1D
:102570000200040001000000010000000100000052
:102580000200000001000000000100000100000046
:10259000220000003881320C3880320C3880320C36
:1025A0000000050000000000000000000000000026
:1025B00001800000687700003881320C00010000C3
:1025C0000200000000010000010000000100000006
:1025D00021000100800000003880320C3880320C6D
:1025E00002000400010000000100000001000000E2
:1025F00002000000010000000001000001000000D6
:10260000220000003881320C3880320C3880320CC5
:1026100000000500000000000000000000000000B5
:1026200001800000687800003881320C0001000051
:102630000200000000010000010000000100000095
:1026400021000100C00000003880320C3880320CBC
:102650000200040001000000010000000100000071
:102660000200000001000000000100000100000065
:10267000220000003881320C3880320C3880320C55
:102680000000050000000000000000000000000045
:1026900001800100010000000300000003000000B1
:1026A0000000010001000000000000000000000028
:1026B000018004002C8F00003080320C01000000EB
:1026C0000200040001000000000000000100000002
:1026D00002000000010000000100000001000000F5
:1026E000C401010080FFFFFF000000003880320CB1
:1026F00002000000020000000100000001000000D4
:10270000D70100003080320C3180320C3880320C1E
:1027100002000000010000000100000001000000B4
:10272000D70100003880320C3980320C3880320CEE
:102730000200000001000000010000000100000094
:10274000CA0101007F0000003880320C3880320C52
:10275000C80100003080320C3880320C3080320CDE
:10276000C80100003180320C3880320C3180320CCC
:10277000C80100003280320C3880320C3280320CBA
:102780000200000003000000010000000100000042
:1027900010140100010101013080320C5880320C0C
:1027A00020540100004080C05880320C5880320C08
:1027B0000200000003000000010000000100000012
:1027C000C45504005880320C000000004880320CD0
:1027D00002000000010000000100000001000000F4
:1027E000C401010014000000000000003080320C21
:1027F000DB510100000008004880320C3880320CA8
:10280000D9010100140000003880320C3080320CF5
:10281000DB510100000010004880320C3880320C7F
:10282000D9010100150000003880320C3080320CD4
:10283000DB510100000020004880320C3880320C4F
:10284000D9010100160000003880320C3080320CB3
:10285000DB510100000040004880320C3880320C0F
:10286000D9010100170000003880320C3080320C92
:10287000DB510100000080004880320C3880320CAF
:10288000D9010100180000003880320C3080320C71
:10289000DB510100000000014880320C3880320C0E
:1028A000D9010100190000003880320C3080320C50
:1028B000DB510100000000024880320C3880320CED
:1028C000D90101001A0000003880320C3080320C2F
:1028D000DB510100000000044880320C3880320CCB
:1028E000D90101001B0000003880320C3080320C0E
:1028F000DB510100000000084880320C3880320CA7
:10290000D90101001C0000003880320C3080320CEC
:10291000DB510100000000104880320C3880320C7E
:10292000D90101001D0000003880320C3080320CCB
:10293000C8010100F0FFFFFF3080320C3080320C04
:10294000D51500004880320C3080320C4880320CA3
:10295000CF5501000F0F0F0F4880320C4080320C12
:10296000CA550100D3D202004080320C4080320CA4
:10297000D0550100000800004880320C4880320C1D
:10298000CF5500004080320C4880320C5080320C11
:10299000CA550100000002005080320C5080320CF9
:1029A000D0550100000800005080320C5080320CDD
:1029B000CF5500005080320C4080320C4080320CE9
:1029C000CF5500004080320C4880320C5080320CD1
:1029D000CA550100000002005080320C5080320CB9
:1029E000D0550100000800005080320C5080320C9D
:1029F000CF5500005080320C4080320C4080320CA9
:102A0000CF5500004080320C4880320C5080320C90
:102A1000CA550100000002005080320C5080320C78
:102A2000D0550100000800005080320C5080320C5C
:102A3000CF5500005080320C4080320C4080320C68
:102A4000D51500004080320C3080320C5080320CA2
:102A5000D0550100000800005080320C5080320C2C
:102A6000CF5500005880320C5080320C5880320C08
:102A7000CF5500005C80320C5080320C5C80320CF0
:102A8000CF5500006080320C5080320C6080320CD8
:102A9000020000000300000001000000010000002F
:102AA000CF550100000000405880320C5880320C95
:102AB000C8550100000400005880320C5880320CC8
:102AC00051550100000020005880320C5880320C13
:102AD000C941010080FFFFFF5880320C3880320C62
:102AE00000000500180000000000000000000000C9
:102AF00000800000000000003880320C030000005D
:102B000003000000000000000000000000000000C2
:102B100003000000000000000000000000000000B2
:102B200003000000000000000000000000000000A2
:102B300000000200008000000880320C010000004C
:102B40000300000000000000000000000000000082
:102B500000000200002000000880320C010000008C
:102B600001000200008000000880320C010000001B
:102B70000300000000000000000000000000000052
:102B80000000050000000000000000000000000040
:102B9000008000002C8F00003080320C0300000009
:102BA0000300000000000000000000000000000022
:102BB0000300000000000000000000000000000012
:102BC0000200000000010000010000000100000000
:102BD0000880010000000000000000003880320C76
:102BE00000000500000000000000000000000000E0
:102BF00001800000087D00003881320C00010000D7
:102C000002000000000100000100000001000000BF
:102C100021000100000000003880320C3880320CA6
:102C2000020004000100000001000000010000009B
:102C3000020000000100000000010000010000008F
:102C4000220000003881320C3880320C3880320C7F
:102C5000000005000000000000000000000000006F
:102C600001800000087E00003881320C0001000065
:102C7000020000000001000001000000010000004F
:102C800021000100400000003880320C3880320CF6
:102C9000020004000100000001000000010000002B
:102CA000020000000100000000010000010000001F
:102CB000220000003881320C3880320C3880320C0F
:102CC00000000500000000000000000000000000FF
:102CD00001800000087F00003881320C00010000F4
:102CE00002000000000100000100000001000000DF
:102CF00021000100800000003880320C3880320C46
:102D000002000400010000000100000001000000BA
:102D100002000000010000000001000001000000AE
:102D2000220000003881320C3880320C3880320C9E
:102D3000000005000000000000000000000000008E
:102D400001800000088000003881320C0001000082
:102D5000020000000001000001000000010000006E
:102D600021000100C00000003880320C3880320C95
:102D7000020004000100000001000000010000004A
:102D8000020000000100000000010000010000003E
:102D9000220000003881320C3880320C3880320C2E
:102DA000000005000000000000000000000000001E
:102DB000018001000100000003000000030000008A
:102DC0000000010001000000000000000000000001
:102DD000018004002C8F00003080320C01000000C4
:102DE00002000400010000000000000001000000DB
:102DF00002000000010000000100000001000000CE
:102E0000C401010080FFFFFF000000003880320C89
:102E100002000000020000000100000001000000AC
:102E2000D70100003080320C3180320C3880320CF7
:102E3000020000000100000001000000010000008D
:102E4000D70100003880320C3980320C3880320CC7
:102E5000020000000100000001000000010000006D
:102E6000CA0101007F0000003880320C3880320C2B
:102E7000C80100003080320C3880320C3080320CB7
:102E8000C80100003180320C3880320C3180320CA5
:102E9000C80100003280320C3880320C3280320C93
:102EA000020000000300000001000000010000001B
:102EB00010140100010101013080320C5880320CE5
:102EC00020540100004080C05880320C5880320CE1
:102ED00002000000030000000100000001000000EB
:102EE000C45504005880320C000000004880320CA9
:102EF00002000000010000000100000001000000CD
:102F0000C401010014000000000000003080320CF9
:102F1000DB510100000008004880320C3880320C80
:102F2000D9010100140000003880320C3080320CCE
:102F3000DB510100000010004880320C3880320C58
:102F4000D9010100150000003880320C3080320CAD
:102F5000DB510100000020004880320C3880320C28
:102F6000D9010100160000003880320C3080320C8C
:102F7000DB510100000040004880320C3880320CE8
:102F8000D9010100170000003880320C3080320C6B
:102F9000DB510100000080004880320C3880320C88
:102FA000D9010100180000003880320C3080320C4A
:102FB000DB510100000000014880320C3880320CE7
:102FC000D9010100190000003880320C3080320C29
:102FD000DB510100000000024880320C3880320CC6
:102FE000D90101001A0000003880320C3080320C08
:102FF000DB510100000000044880320C3880320CA4
:10300000D90101001B0000003880320C3080320CE6
:10301000DB510100000000084880320C3880320C7F
:10302000D90101001C0000003880320C3080320CC5
:10303000DB510100000000104880320C3880320C57
:10304000D90101001D0000003880320C3080320CA4
:10305000C8010100F0FFFFFF3080320C3080320CDD
:10306000D51500004880320C3080320C4880320C7C
:10307000CF5501000F0F0F0F4880320C4080320CEB
:10308000CA550100D3D202004080320C4080320C7D
:10309000D0550100000800004880320C4880320CF6
:1030A000CF5500004080320C4880320C5080320CEA
:1030B000CA550100000002005080320C5080320CD2
:1030C000D0550100000800005080320C5080320CB6
:1030D000CF5500005080320C4080320C4080320CC2
:1030E000CF5500004080320C4880320C5080320CAA
:1030F000CA550100000002005080320C5080320C92
:10310000D0550100000800005080320C5080320C75
:10311000CF5500005080320C4080320C4080320C81
:10312000CF5500004080320C4880320C5080320C69
:10313000CA550100000002005080320C5080320C51
:10314000D0550100000800005080320C5080320C35
:10315000CF5500005080320C4080320C4080320C41
:10316000D51500004080320C3080320C5080320C7B
:10317000D0550100000800005080320C5080320C05
:10318000CF5500005880320C5080320C5880320CE1
:10319000CF5500005C80320C5080320C5C80320CC9
:1031A000CF5500006080320C5080320C6080320CB1
:1031B0000200000003000000010000000100000008
:1031C000CF550100000000405880320C5880320C6E
:1031D000C8550100000400005880320C5880320CA1
:1031E00051550100000020005880320C5880320CEC
:1031F000C941010080FFFFFF5880320C3880320C3B
:103200000000050020000000000000000000000099
:1032100000800000000000003880320C0300000035
:10322000030000000000000000000000000000009B
:10323000030000000000000000000000000000008B
:10324000030000000000000000000000000000007B
:1032500000000200008000000880320C0100000025
:1032600001000200008000000880320C0100000014
:10327000030000000000000000000000000000004B
:103280000000050000000000000000000000000039
:10329000008000002C8F00003080320C0200000003
:1032A000030000000000000000000000000000001B
:1032B000030000000000000000000000000000000B
:1032C00002000000000100000100000001000000F9
:1032D0000880010000000000000000003880320C6F
:1032E00000000500000000000000000000000000D9
:1032F00001800000708400003881320C0001000061
:1033000002000000000100000100000001000000B8
:1033100021000100000000003880320C3880320C9F
:103320000200040001000000010000000100000094
:103330000200000001000000000100000100000088
:10334000220000003881320C3880320C3880320C78
:103350000000050000000000000000000000000068
:1033600001800000708500003881320C00010000EF
:103370000200000000010000010000000100000048
:1033800021000100400000003880320C3880320CEF
:103390000200040001000000010000000100000024
:1033A0000200000001000000000100000100000018
:1033B000220000003881320C3880320C3880320C08
:1033C00000000500000000000000000000000000F8
:1033D00001800000708600003881320C000100007E
:1033E00002000000000100000100000001000000D8
:1033F00021000100800000003880320C3880320C3F
:1034000002000400010000000100000001000000B3
:1034100002000000010000000001000001000000A7
:10342000220000003881320C3880320C3880320C97
:103430000000050000000000000000000000000087
:1034400001800000708700003881320C000100000C
:103450000200000000010000010000000100000067
:1034600021000100C00000003880320C3880320C8E
:103470000200040001000000010000000100000043
:103480000200000001000000000100000100000037
:10349000220000003881320C3880320C3880320C27
:1034A0000000050000000000000000000000000017
:1034B0000180010001000000020000000200000085
:1034C00000000100010000000000000000000000FA
:1034D000018004002C8F00003080320C01000000BD
:1034E00002000400010000000000000001000000D4
:1034F00002000000010000000100000001000000C7
:10350000C401010080FFFFFF000000003880320C82
:1035100002000000010000000100000001000000A6
:10352000D70100003080320C3180320C3880320CF0
:103530000200000001000000010000000100000086
:10354000CA0101007F0000003880320C3880320C44
:10355000C80100003080320C3880320C3080320CD0
:10356000C80100003180320C3880320C3180320CBE
:103570000200000002000000010000000100000045
:1035800010140100010101013080320C5880320C0E
:1035900020540100004080C05880320C5880320C0A
:1035A0000200000001000000010000000100000016
:1035B000C85504005880320C5C80320C4880320CB4
:1035C00002000000010000000100000001000000F6
:1035D000C401010014000000000000003080320C23
:1035E000DB510100000008004880320C3880320CAA
:1035F000D9010100140000003880320C3080320CF8
:10360000DB510100000010004880320C3880320C81
:10361000D9010100150000003880320C3080320CD6
:10362000DB510100000020004880320C3880320C51
:10363000D9010100160000003880320C3080320CB5
:10364000DB510100000040004880320C3880320C11
:10365000D9010100170000003880320C3080320C94
:10366000DB510100000080004880320C3880320CB1
:10367000D9010100180000003880320C3080320C73
:10368000DB510100000000014880320C3880320C10
:10369000D9010100190000003880320C3080320C52
:1036A000DB510100000000024880320C3880320CEF
:1036B000D90101001A0000003880320C3080320C31
:1036C000DB510100000000044880320C3880320CCD
:1036D000D90101001B0000003880320C3080320C10
:1036E000DB510100000000084880320C3880320CA9
:1036F000D90101001C0000003880320C3080320CEF
:10370000DB510100000000104880320C3880320C80
:10371000D90101001D0000003880320C3080320CCD
:10372000C8010100F0FFFFFF3080320C3080320C06
:10373000D51500004880320C3080320C4880320CA5
:10374000CF5501000F0F0F0F4880320C4080320C14
:10375000CA550100D3D202004080320C4080320CA6
:10376000D0550100000800004880320C4880320C1F
:10377000CF5500004080320C4880320C5080320C13
:10378000CA550100000002005080320C5080320CFB
:10379000D0550100000800005080320C5080320CDF
:1037A000CF5500005080320C4080320C4080320CEB
:1037B000CF5500004080320C4880320C5080320CD3
:1037C000CA550100000002005080320C5080320CBB
:1037D000D0550100000800005080320C5080320C9F
:1037E000CF5500005080320C4080320C4080320CAB
:1037F000CF5500004080320C4880320C5080320C93
:10380000CA550100000002005080320C5080320C7A
:10381000D0550100000800005080320C5080320C5E
:10382000CF5500005080320C4080320C4080320C6A
:10383000D51500004080320C3080320C5080320CA4
:10384000D0550100000800005080320C5080320C2E
:10385000CF5500005880320C5080320C5880320C0A
:10386000CF5500005C80320C5080320C5C80320CF2
:103870000200000002000000010000000100000042
:10388000CF550100000000405880320C5880320CA7
:10389000C8550100000400005880320C5880320CDA
:1038A00051550100000020005880320C5880320C25
:1038B000C941010080FFFFFF5880320C3880320C74
:1038C00000000500280000000000000000000000CB
:1038D00000800000000000003880320C0200000070
:1038E00003000000000000000000000000000000D5
:1038F00003000000000000000000000000000000C5
:1039000003000000000000000000000000000000B4
:1039100082020100000000000000000034390000B5
:10392000430C000000000000000000000000000048
:1039300000000000824204000010000000000000AF
:10394000C0460000AF010000B001000001000020EF
:10395000000000000000000002010000824203009D
:1039600000200000100000000000000059000000CE
:103970005A000000000000400000000000000000AD
:10398000824205000000000000000000204A000004
:103990007F000000000000000000000000000000A8
:1039A000000000006382000000200000070000000B
:1039B000080001000200090000005A00070008008A
:1039C00064820000001000000700000008001000E2
:1039D000020090000000B0010700000056C2EF078F
:1039E00007000000080000000200000000000000C6
:1039F00007000100B7A2807F000000000000000067
:103A00003080320C070000000700000007000800AB
:103A10000700480007000000070008000000000041
:103A200000000000634200000020000007000000CA
:103A3000080001000200090000005A000700080009
:103A40006442000008100000070000000800100099
:103A5000020090000000B0010700000056C2EF070E
:103A60000700000008000000020000000000000045
:103A700007000100B752807F0000000040000000F6
:103A80007082320C070000000700000007000800E9
:103A900007004800070000000700080000000000C1
:103AA000000000008242040000000000000000004E
:103AB000204C0000FF020000000300000100002075
:103AC000000000000000000002010000824203002C
:103AD00000000000000000002C9300003F000000E8
:103AE0004000000001000040000000000000000055
:103AF00082C205000000000000000000205200000B
:103B0000FF000000000000000000000000000000B6
:103B100000000000638200000000000005000000BB
:103B2000000001000200010007000800000006007C
:103B30006482000000000000070000000000200078
:103B400002002000070060000000000056C2EF07DE
:103B50000500000000000000020000000700000057
:103B600000000100B7A2807F0000000000000000FC
:103B70003080320C0700000005000000070008003C
:103B80000700060000000000000006000000000022
:103B900000000000630200000000000005000000BB
:103BA00000000100020001000700080000000600FC
:103BB0006402000008000000070000000000200070
:103BC00002002000070060000000000056C2EF075E
:103BD00005000000000000000200000007000000D7
:103BE00000000100B702807F0000000040000000DC
:103BF0006080320C0700000005000000070008008C
:103C000007000600000000000000060000000000A1
:103C1000000000006302000000000000050000003A
:103C2000000001000200010007000800000006007B
:103C300064020000100000000700000000002000E7
:103C400002002000070060000000000056C2EF07DD
:103C50000500000000000000020000000700000056
:103C600000000100B702807F00000000800000001B
:103C70009080320C070000000500000007000800DB
:103C80000700060000000000000006000000000021
:103C9000000000006342000000000000050000007A
:103CA00000000100020001000700080000000600FB
:103CB000644200001800000007000000000020001F
:103CC00002002000070060000000000056C2EF075D
:103CD00005000000000000000200000007000000D6
:103CE00000000100B752807F00000000C00000000B
:103CF000C080320C0700000005000000070008002B
:103D000007000600000000000000060000000000A0
:103D10000000000082C2040000100000000000004B
:103D2000A0540000FF0B0000000C00000100002068
:103D300000000000000000000201000082C2030039
:103D400000200000000000002C8D00005F0000003B
:103D500060000000010000400000000000000000C2
:103D600082C205000000000000000000A06C0000FE
:103D7000FF00000000000000000000000000000044
:103D8000000000006382000000200000000000002E
:103D900000000100050001000F0006000000010006
:103DA00064820000001000000700000000002000F6
:103DB000050020000F00C0000000000056C2EF0701
:103DC0000000000000000000050000000F000000DF
:103DD00000000100B7A2807F00000000000000008A
:103DE0003080320C070000000000000007000800CF
:103DF00007000100000000000000010000000000BA
:103E0000000000006302000000200000000000002D
:103E100000000100050001000F0006000000010085
:103E200064020000081000000700000000002000ED
:103E3000050020000F00C0000000000056C2EF0780
:103E40000000000000000000050000000F0000005E
:103E500000000100B702807F000000004000000069
:103E60003880320C07000000000000000700080046
:103E70000700010000000000000001000000000039
:103E800000000000630200000020000000000000AD
:103E900000000100050001000F0006000000010005
:103EA0006402000010100000070000000000200065
:103EB000050020000F00C0000000000056C2EF0700
:103EC0000000000000000000050000000F000000DE
:103ED00000000100B702807F0000000080000000A9
:103EE0004080320C070000000000000007000800BE
:103EF00007000100000000000000010000000000B9
:103F000000000000634200000020000000000000EC
:103F100000000100050001000F0006000000010084
:103F2000644200001810000007000000000020009C
:103F3000050020000F00C0000000000056C2EF077F
:103F40000000000000000000050000000F0000005D
:103F500000000100B752807F00000000C000000098
:103F60004880320C07000000000000000700080035
:103F70000700010000000000000001000000000038
:103F80000000000082C204000000000000000000E9
:103F9000206F0000FF01000000020000010000206F
:103FA00000000000000000000201000082C20300C7
:103FB00000000000000000002C9100000F00000035
:103FC00010000000010000400000000000000000A0
:103FD00082C2050000000000000000002073000005
:103FE000FF000000000000000000000000000000D2
:103FF00000000000638200000000000000000000DC
:1040000000000100000001000F000100000001009D
:104010006482000000000000070000000000200093
:10402000000020000F0020000000000056C2EF0733
:104030000000000000000000000000000F00000071
:1040400000000100B7A2807F000000000000000017
:104050003080320C0700000000000000070008005C
:104060000700010000000000000001000000000047
:1040700000000000630200000000000000000000DB
:1040800000000100000001000F000100000001001D
:10409000640200000800000007000000000020008B
:1040A000000020000F0020000000000056C2EF07B3
:1040B0000000000000000000000000000F000000F1
:1040C00000000100B702807F0000000040000000F7
:1040D0003880320C070000000000000007000800D4
:1040E00007000100000000000000010000000000C7
:1040F000000000006302000000000000000000005B
:1041000000000100000001000F000100000001009C
:104110006402000010000000070000000000200002
:10412000000020000F0020000000000056C2EF0732
:104130000000000000000000000000000F00000070
:1041400000000100B702807F000000008000000036
:104150004080320C0700000000000000070008004B
:104160000700010000000000000001000000000046
:10417000000000006342000000000000000000009A
:1041800000000100000001000F000100000001001C
:10419000644200001800000007000000000020003A
:1041A000000020000F0020000000000056C2EF07B2
:1041B0000000000000000000000000000F000000F0
:1041C00000000100B752807F00000000C000000026
:1041D0004880320C070000000000000007000800C3
:1041E00007000100000000000000010000000000C6
:1041F0000000000082C20400001000000000000067
:10420000487400007F0000008000000001000020D2
:1042100000000000000000000201000082C2030054
:1042200000200000000000002C8D00000F000000A6
:10423000100000000100004000000000000000002D
:1042400082C2050000000000000000004875000068
:104250001700000000000000000000000000000047
:104260000000000063C20000002000000000000009
:1042700000000100000001000F000100000001002B
:1042800064C20000001000000200000000000800EE
:10429000000008000F0008000000000056C2EF02F6
:1042A0000000000000000000000000000F000000FF
:1042B00000000100B7F2807F000000000000000055
:1042C0003080320C070000000000000002000800EF
:1042D00002000100000000000000010000000000DA
:1042E0000000000082C20400000000000000000086
:1042F000E87B00007F00000080000000010000203B
:1043000000000000000000000201000082C2030063
:1043100000000000000000002C8D00000F000000D5
:10432000100000000100004000000000000000003C
:1043300082C205000000000000000000E87C0000D0
:104340001700000000000000000000000000000056
:104350000000000063C20000000000000000000038
:1043600000000100000001000F000100000001003A
:1043700064C200000000000002000000000008000D
:10438000000008000F0008000000000056C2EF0205
:104390000000000000000000000000000F0000000E
:1043A00000000100B7F2807F000000000000000064
:1043B0003080320C070000000000000002000800FE
:1043C00002000100000000000000010000000000E9
:1043D0000000000082C20400001000000000000085
:1043E000588300007F0000008000000001000020D2
:1043F00000000000000000000201000082C2030073
:1044000000200000000000002C8D00000F000000C4
:10441000100000000100004000000000000000004B
:1044200082C2050000000000000000005884000067
:104430000F0000000000000000000000000000006D
:104440000000000063C20000002000000000000027
:1044500000000100000001000F0001000000010049
:1044600064C200000010000001000000000008000D
:10447000000008000F0008000000000056C2EF0115
:104480000000000000000000000000000F0000001D
:1044900000000100B7F2807F000000000000000073
:1044A0003080320C0700000000000000010008000E
:1044B00001000100000000000000010000000000F9
:1044C00000000000828203000000000000000000E5
:1044D0002C8D000000000000000000000000000023
:1044E00000000000000000008282040000000000C4
:1044F00000000000588300000700000000000000DA
:1045000000000000000000000000000082820300A4
:1045100000200000000000002C8D000000000000C2
:10452000000000000000000000000000000000008B
:104530008282040000100000000000005883000088
:104540000700000000000000000000000000000064
:104550000000000082820500000000000000000052
:104560005884000007000000000000000000000068
:10457000000000000000000000000000000000003B
:104580000000000082820300002000000000000004
:104590002C8D000000000000000000000000000062
:1045A00000000000000000008282040000100000F3
:1045B0000000000058830000070000000000000019
:1045C00000000000000000000000000082820500E2
:1045D00000000000000000005884000007000000F8
:1045E00000000000000000000000000000000000CB
:1045F00000000000000000000000000000000000BB
:10460000C0F4000095EA000009EF0000CBB90000FB
:104610000F010000AAE700003A0100002DF600009B
:104620002FE700005CEC0000A8D100001B01000097
:1046300060E4000005010000D0BD00003F01000063
:104640000200000002000000020000000200000062
:104650000100000002000000010000000200000054
:104660000200000002000000020000000100000043
:104670000200000001000000020000000100000034
:10468000620B0000A6180000780000008BF9FFFF05
:104690006B0E000051FCFFFF1CF6FFFFB012000084
:1046A0006E0B00004BF9FFFF57F1FFFFE6F5FFFF30
:1046B000F4F9FFFF5A0E000027F9FFFF9F000000EA
:1046C000260D199B7FBF817FC6ED0E81567F7E81AF
:1046D0003B05D7651070BCE2D81E81FDA9292CD9F5
:1046E00029E553A5E5B6B4EF25FBC5F2C6EFC3FB3C
:1046F0005D3796F225B1DC012B4070116DB4C60117
:10470000B22B6FD740F7F5AF2CC3AAEB9ECF28444E
:104710006D3DD4BC0E05EE0E06E9AB07B31D1A2F96
:10472000D8156F26B92C072D3EC0BDF7E009230F21
:10473000D61AC48118123B1D06E490FD81BDC6CA7D
:10474000B076A55816C9E6CDF03CCDC0D6FD81D8CF
:104750007FDAA3D23F9C8F32840FBCBECC64D6BC20
:1047600001056D9BFC04353220A8BBC20530C7EAA9
:10477000223D05B8E3510C5FCAA3C7061F48CFE32B
:10478000B8118F3606C9D2BEEA001E0E5C57DA1C7D
:10479000431BF95244A8EC600CD54DCA0C5555E2A8
:1047A000CF502282E7C5D35D21022027ED29DC23EB
:1047B000FDFCC30E1E5D0F72F0A38BEE1041AB1B10
:1047C000107F11B122BC22BE5152C3A894E2B9009D
:1047D0004745B6323A9343052169ABBC1AA434F27B
:1047E00054349E046788B41481DED6824E28FDB20C
:1047F0000EE67F8A0B07D82BE790D9E3E816BCF2C8
:10480000DB4330B93C59C36F69DACFC6A2C8653003
:10481000E3F2B52A213C2CD21D2154DBECFDAC0A7D
:104820004A614DFAD3EAD7BD26C2B241E838E03A30
:10483000BCCFE934BC40BE7640F12936C6FBD5E496
:104840003E04CC4C2DD1ECF75699B1E89F360D05BE
:10485000B436DBEC30BA3F3D397FFBFDF8B40819C4
:104860001978CD124081E0D57839C2DD8ADBA7E323
:104870000000000000000000000000000000000038
:104880000000000000000000000000000000000028
:104890000000000000000000000000000000000018
:1048A0000000000000000000000000000000000008
:1048B00000000000000000000000000000000000F8
:1048C00000000000000000000000000000000000E8
:1048D00000000000000000000000000000000000D8
:1048E00000000000000000000000000000000000C8
:1048F00000000000000000000000000000000000B8
:1049000000000000000000000000000000000000A7
:104910000000000000000000000000000000000097
:104920000000000000000000000000000000000087
:104930000000000000000000000000000000000077
:104940000000000000000000000000000000000067
:104950000000000000000000000000000000000057
:104960000000000000000000000000000000000047
:104970000000000000000000000000000000000037
:104980000000000000000000000000000000000027
:104990000000000000000000000000000000000017
:1049A0000000000000000000000000000000000007
:1049B00000000000000000000000000000000000F7
:1049C00000000000000000000000000000000000E7
:1049D00000000000000000000000000000000000D7
:1049E00000000000000000000000000000000000C7
:1049F00000000000000000000000000000000000B7
:104A000000000000000000000000000000000000A6
:104A10000000000000000000000000000000000096
:104A2000C6872DFEFF03D30B52585CFEFF57AA0B1F
:104A300030C003FEFF27BC0B5041EFFDFF2FE70AFC
:104A40000D3FFEFFFF3F040493AAF4FDFFAB9E0B56
:104A500079D1FDFFFFEB0404A3E149FEFFB7D80BBA
:104A60006C492BFEFFBF9C0BEB3AE9FDFF73B10BCA
:104A7000A0F9D1FDFFA3460B55D5FDFFFF6F040440
:104A80002E6CECFDFF83910B873CFEFFFF170404A7
:104A9000EAB0EDFDFF43F70A1805FEFFFFFF04042F
:104AA0003E730000FD6F00009095000079700000DB
:104AB000B78800007F7000004B800000EA7A000099
:104AC000826F0000A1700000A9530000D0670000B1
:104AD000B7680000EE4E00001F7500004D9000000A
:104AE000DEA00000387E0000D0760000796A000069
:104AF0005F670000A28A0000246A0000286C0000A2
:104B0000006F0000258E00006F8000006C6E0000BA
:104B10004C8400000C5B000066860000416F0000C2
:104B2000020000000200000002000000020000007D
:104B3000020000000200000002000000020000006D
:104B4000020000000200000002000000020000005D
:104B5000020000000200000002000000020000004D
:104B6000020000000200000002000000020000003D
:104B7000020000000200000002000000020000002D
:104B8000020000000200000002000000020000001D
:104B9000020000000200000002000000020000000D
:104BA00047F30100EF13020032A401004823000084
:104BB00072400200C6600200C25B0000C191FFFFAC
:104BC000BA1F0100FF0D0000E1EEFDFF41110100E1
:104BD0005151FFFF4700FFFFA0B002008D14FFFFFF
:104BE0007B35010090AE00006D6E00009E5F0000FE
:104BF0003EDA0000DC8400003EA0010040FC010021
:104C00006CC5010013770200B6820000B91E0100D6
:104C100036C70200992D0100E27BFFFFFCADFEFFCD
:104C200000FCF8F0002AB224C1B88B5E20EE46B139
:104C3000EDEF2D8B5A5055514C3AB155F93AAE6CB7
:104C4000184841080023ADEF31C32F7D6DB07FBF01
:104C500005E5FBF370FE7FDDFDFDB71CE6E2B55315
:104C60001ACF4F76E65E8C0A1EDF8166645F5E03B4
:104C70000C724881F4F1513C43F099570A69E43BC6
:104C800056F815982531C01BE948E028D5BA1B4EC7
:104C9000CE57EBC4EFABF5AEBA28177F0319AD4181
:104CA00062D843AAE067E72F0D6552D301766E2DD7
:104CB0002531BE76FDBD4DB3FBE93E23C1FDE91DA7
:104CC0004F3756B6D811B5365B45934E16C2414D97
:104CD00007111F471206133FADEF193C3859C96140
:104CE000290591EB7F5654C138C2F7DB2408C579FA
:104CF000163A4BF7DD5B38E8D3430D5314AEF2C7D9
:104D00004860A311025D432B96E50DD9619B1645C2
:104D100015D1F4B3DCF2F97FF3683FEC70140E8F19
:104D2000254381D93470E409DECEEF4C29702C1A6A
:104D30007F22CC223C59C3F9D202F852F2E5FB841F
:104D4000AC2E2FC804E902A74E392AA28171E5E9E9
:104D5000FA0ED414D83BA7C97156FF1E691310A7C9
:104D60001E0FEC3432B906D6000CF53EF8C0BBBEBF
:104D7000DBF9E037440448E6344D5D064AFE450C55
:104D8000FFDD53A556D9D2FB4AEEFEFBD935C3DB76
:104D900020B83BE79CFF33F627251C3FE462361121
:104DA00024ADF6F3FDBCCB7613F1F2EE6A847ABF44
:104DB00026C20CB80A1B12D79BAED515391F9D16FB
:104DC0001D3E4B0CD0FB8EF61532BAD96C832FEEFC
:104DD000273D9125340730233BBAD65E398AA11A84
:104DE00012D50E0914ADEC491C0A156641A51EE347
:104DF000FBE8A9F161CC6815B7F433E3261384DE30
:104E00007F26E7E90D7F39321BC1A339C1B4C5E65E
:104E10005C09EB321C183DFF0ADBFE2A19435A934A
:104E200054040D19330452060129062111B227B882
:104E3000441FED28ED4D306B581744CE7F2CE7DF33
:104E40007B29054A296345F8FEE74A47D890C10700
:104E500056F343FC59D5E5276BE353A2619F56A552
:104E6000A2202FC8C4F82DA94065218BD87A39F12A
:104E7000C295AD2425D8EC73F4EA0AEB00AD6F813E
:104E8000AB17742CBF9014BD66478FCE9F19B05AD4
:104E9000CA01F728B6118469C42F22BD3E1BF687CC
:104EA000F31F1397F09C05EC5769010C9081AD4AF4
:104EB000E9F8C147FA94F7ECA7284C1F5E1F688FEA
:104EC00020330645FC201060D0D2A512E257F740EF
:104ED000D22EFE3B134D1A2E153B021340DB01561A
:104EE0004F2EDDDD54DCB27FD1B4FA3651F6F5CE6B
:104EF000C15039B87FE42FAA3AFCD5E50CDB81E23A
:104F0000D993234D665FA873A8E83BF205507A0950
:104F1000C956263B3C3841C40648B9D0DC538856B4
:104F2000D6170AD77D77FACCBF5225CE1FE21F3E97
:104F300034EFCB65A1C0D5E44F60D2B2EB75CD04A0
:104F4000E3DA2EC7546F07E2227482D89A13065E02
:104F50003E510D16AFB4136F0E7FEB0D293F18FEB7
:104F6000480FDC176B671EA51A74902B17F42A499B
:104F7000416192E7B2C9CF05C94D1001163A0B87BE
:104F8000FC3552AFDAD85DC1E1208CE100965AC2FF
:104F9000B1AAF69E02F10044CBE7662861DF43FE2A
:104FA0001AD27DB2E71232D9697FA645F56155C59F
:104FB000D481DC2745ED06EB0F134E4948DF64161C
:104FC00037DA4836A3B7EA43EE3B6ED8A80158D685
:104FD000E19D010EF0D53A13D446FA540F9AE762D8
:104FE000C8534A394A5D56185D8F9553DF2421E531
:104FF000D4332647390ACAFC7833FBB5D5142016BA
:10500000020D17F70A0D22B00F0BD3051EDB740536
:1050100020DA2116AE4230563A162CF7574A2FF4B2
:10502000D97015671B3F13D04E9CF84FB0D5D20EE8
:10503000F4230EEE9D3D09E151131C0C59D4341795
:10504000CB5133D635DBE31C2913E31B9D5F2AF1DB
:105050004208B20034C1CE65F836001E2B81E8311B
:10506000117FF24C0646EBF919822D9EB9FE08DF3E
:105070003CB8CDE10D0EE63B506032A4284C30B078
:105080003F3EF0F3600C3F9C36E4A4E40389B1D4C6
:105090000ADE2FA64ED9C9FC0D554A2919901AEEE1
:1050A00029300D764AE1FBD32FFEA0AFBB3B730145
:1050B00005F5FEDA941367007FE9F0E4F153D6C4F6
:1050C000C924FA5214D950A7B1EAF9C60662EBA472
:1050D0003F2C66CA9F705DD25B0D32554470349E82
:1050E00042CB2FD6053350F72D91C8EFAA966AD23E
:1050F000ED2A67C2467F3F6E363E1AE0DC19E7C9EB
:10510000E9EC2150EB660D430EEECC7F7523528106
:10511000E7F07F3EFE15022D382D810801E6C957C4
:1051200024EFF37F0835DF1281F8C34B42206DB9BD
:105130003C2E74044C2F61484F22D111D0A89D39C8
:10514000C92BD90B187681E992A71E72F203689ECB
:105150002B43F12E1122EFF43DCB91AB3749A0FE4A
:1051600009F826F4EF0637C20FFC982C4FEC5A0EC4
:105170001243765B47605D49F53B0A52E55E1ABA19
:10518000D20D0745EB0612C0EF991A21E79902CC20
:105190000859594041F50B441205D328EC1FD3A5FB
:1051A0006CE0D83438DD051433D65B1D00F22DC415
:1051B000341A52102143C50AFE3AFBBE205933D996
:1051C0005F6B19D8022B2EB621442FA38C0196F3C6
:1051D00002C7B6E114AC9105F3F302FCF51102FD30
:1051E000F75EDEB45D0D5C2FD3D3FBCFD6D2F6E5F0
:1051F0004B2AE02FD7EC29F2CBDC43DC21CBF0BEED
:1052000061540BAA71154BE7494C62BEA1ECEA0B45
:10521000149BD5C1F4A5FE365C0DEB0D514F601DFE
:105220004007850100F8CC0950C9A40100F4BF096A
:10523000D8F5D7010040560AB40040FEFFE7C10987
:105240008562D10200DC220A8812300200FCC1090A
:1052500087EFB9FEFF2F010AD1442EFDFFABEB090A
:10526000094FF7FFFF0BBE0975A11AFEFF87C209A0
:1052700096564EFBFFA74E09AF3CBDFFFF439F096B
:105280002330E4FCFFDFA209909FC6FCFFBB3B0973
:105290000D32EE02007CD409F921EFFBFF37410A01
:1052A00002E50B010078830A3E445AFFFFE3F80948
:1052B000DAFFCEFEFF43DB097612A1FEFFE7A90964
:1052C000BC7F62FFFF7F9D09ACCA21FFFF8B2A0ACA
:1052D000D250B4000090A809A8E95C0100A0B00970
:1052E000506714010000BC09FE9E7B030094380A3D
:1052F000B34E08FFFFBF010AD0B1F0FFFFB3B909F9
:10530000F02BC0030030110A180EAFFFFF336C09F9
:10531000A08EECFCFF9B190AC369B6FBFF07BD0911
:10532000FE5C0000FE5C0000FE5C0000FE5C000015
:10533000FE5C0000FE5C0000FE5C0000FE5C000005
:10534000FE5C0000FE5C0000FE5C0000FE5C0000F5
:10535000FE5C0000FE5C0000FE5C0000FE5C0000E5
:10536000FE5C0000FE5C0000FE5C0000FE5C0000D5
:10537000FE5C0000FE5C0000FE5C0000FE5C0000C5
:10538000FE5C0000FE5C0000FE5C0000FE5C0000B5
:10539000FE5C0000FE5C0000FE5C0000FE5C0000A5
:1053A00002000000020000000200000002000000F5
:1053B00002000000020000000200000002000000E5
:1053C00002000000020000000200000002000000D5
:1053D00002000000020000000200000002000000C5
:1053E00002000000020000000200000002000000B5
:1053F00002000000020000000200000002000000A5
:105400000200000002000000020000000200000094
:105410000200000002000000020000000200000084
:10542000007D0100007D0100007D0100007D010084
:10543000007D0100007D0100007D0100007D010074
:10544000007D0100007D0100007D0100007D010064
:10545000007D0100007D0100007D0100007D010054
:10546000007D0100007D0100007D0100007D010044
:10547000007D0100007D0100007D0100007D010034
:10548000007D0100007D0100007D0100007D010024
:10549000007D0100007D0100007D0100007D010014
:1054A0007F0000000000000000000000000000007D
:1054B00000000000000000000000000000000000EC
:1054C0007F0000000000000000000000000000005D
:1054D00000000000000000000000000000000000CC
:1054E0007F0000000000000000000000000000003D
:1054F00000000000000000000000000000000000AC
:105500007F0000000000000000000000000000001C
:10551000000000000000000000000000000000008B
:105520007F000000000000000000000000000000FC
:10553000000000000000000000000000000000006B
:105540007F000000000000000000000000000000DC
:10555000000000000000000000000000000000004B
:10556000007F0000000000000000000000000000BC
:10557000000000000000000000000000000000002B
:10558000007F00000000000000000000000000009C
:10559000000000000000000000000000000000000B
:1055A000007F00000000000000000000000000007C
:1055B00000000000000000000000000000000000EB
:1055C000007F00000000000000000000000000005C
:1055D00000000000000000000000000000000000CB
:1055E000007F00000000000000000000000000003C
:1055F00000000000000000000000000000000000AB
:10560000007F00000000000000000000000000001B
:10561000000000000000000000000000000000008A
:1056200000007F00000000000000000000000000FB
:10563000000000000000000000000000000000006A
:1056400000007F00000000000000000000000000DB
:10565000000000000000000000000000000000004A
:1056600000007F00000000000000000000000000BB
:10567000000000000000000000000000000000002A
:1056800000007F000000000000000000000000009B
:10569000000000000000000000000000000000000A
:1056A00000007F000000000000000000000000007B
:1056B00000000000000000000000000000000000EA
:1056C00000007F000000000000000000000000005B
:1056D00000000000000000000000000000000000CA
:1056E0000000007F0000000000000000000000003B
:1056F00000000000000000000000000000000000AA
:105700000000007F0000000000000000000000001A
:105710000000000000000000000000000000000089
:105720000000007F000000000000000000000000FA
:105730000000000000000000000000000000000069
:105740000000007F000000000000000000000000DA
:105750000000000000000000000000000000000049
:105760000000007F000000000000000000000000BA
:105770000000000000000000000000000000000029
:105780000000007F0000000000000000000000009A
:105790000000000000000000000000000000000009
:1057A000000000007F00000000000000000000007A
:1057B00000000000000000000000000000000000E9
:1057C000000000007F00000000000000000000005A
:1057D00000000000000000000000000000000000C9
:1057E000000000007F00000000000000000000003A
:1057F00000000000000000000000000000000000A9
:10580000000000007F000000000000000000000019
:105810000000000000000000000000000000000088
:10582000000000007F0000000000000000000000F9
:105830000000000000000000000000000000000068
:10584000000000007F0000000000000000000000D9
:105850000000000000000000000000000000000048
:1058600000000000007F00000000000000000000B9
:105870000000000000000000000000000000000028
:1058800000000000007F0000000000000000000099
:105890000000000000000000000000000000000008
:1058A00000000000007F0000000000000000000079
:1058B00000000000000000000000000000000000E8
:1058C00000000000007F0000000000000000000059
:1058D00000000000000000000000000000000000C8
:1058E00000000000007F0000000000000000000039
:1058F00000000000000000000000000000000000A8
:1059000000000000007F0000000000000000000018
:105910000000000000000000000000000000000087
:105920000000000000007F000000000000000000F8
:105930000000000000000000000000000000000067
:105940000000000000007F000000000000000000D8
:105950000000000000000000000000000000000047
:105960000000000000007F000000000000000000B8
:105970000000000000000000000000000000000027
:105980000000000000007F00000000000000000098
:105990000000000000000000000000000000000007
:1059A0000000000000007F00000000000000000078
:1059B00000000000000000000000000000000000E7
:1059C0000000000000007F00000000000000000058
:1059D00000000000000000000000000000000000C7
:1059E000000000000000007F000000000000000038
:1059F00000000000000000000000000000000000A7
:105A0000000000000000007F000000000000000017
:105A10000000000000000000000000000000000086
:105A2000000000000000007F0000000000000000F7
:105A30000000000000000000000000000000000066
:105A4000000000000000007F0000000000000000D7
:105A50000000000000000000000000000000000046
:105A6000000000000000007F0000000000000000B7
:105A70000000000000000000000000000000000026
:105A8000000000000000007F000000000000000097
:105A90000000000000000000000000000000000006
:105AA00000000000000000007F0000000000000077
:105AB00000000000000000000000000000000000E6
:105AC00000000000000000007F0000000000000057
:105AD00000000000000000000000000000000000C6
:105AE00000000000000000007F0000000000000037
:105AF00000000000000000000000000000000000A6
:105B000000000000000000007F0000000000000016
:105B10000000000000000000000000000000000085
:105B200000000000000000007F00000000000000F6
:105B30000000000000000000000000000000000065
:105B400000000000000000007F00000000000000D6
:105B50000000000000000000000000000000000045
:105B60000000000000000000007F000000000000B6
:105B70000000000000000000000000000000000025
:105B80000000000000000000007F00000000000096
:105B90000000000000000000000000000000000005
:105BA0000000000000000000007F00000000000076
:105BB00000000000000000000000000000000000E5
:105BC0000000000000000000007F00000000000056
:105BD00000000000000000000000000000000000C5
:105BE0000000000000000000007F00000000000036
:105BF00000000000000000000000000000000000A5
:105C00000000000000000000007F00000000000015
:105C10000000000000000000000000000000000084
:105C2000000000000000000000007F0000000000F5
:105C30000000000000000000000000000000000064
:105C4000000000000000000000007F0000000000D5
:105C50000000000000000000000000000000000044
:105C6000000000000000000000007F0000000000B5
:105C70000000000000000000000000000000000024
:105C8000000000000000000000007F000000000095
:105C90000000000000000000000000000000000004
:105CA000000000000000000000007F000000000075
:105CB00000000000000000000000000000000000E4
:105CC000000000000000000000007F000000000055
:105CD00000000000000000000000000000000000C4
:105CE00000000000000000000000007F0000000035
:105CF00000000000000000000000000000000000A4
:105D000000000000000000000000007F0000000014
:105D10000000000000000000000000000000000083
:105D200000000000000000000000007F00000000F4
:105D30000000000000000000000000000000000063
:105D400000000000000000000000007F00000000D4
:105D50000000000000000000000000000000000043
:105D600000000000000000000000007F00000000B4
:105D70000000000000000000000000000000000023
:105D800000000000000000000000007F0000000094
:105D90000000000000000000000000000000000003
:105DA0000000000000000000000000007F00000074
:105DB00000000000000000000000000000000000E3
:105DC0000000000000000000000000007F00000054
:105DD00000000000000000000000000000000000C3
:105DE0000000000000000000000000007F00000034
:105DF00000000000000000000000000000000000A3
:105E00000000000000000000000000007F00000013
:105E10000000000000000000000000000000000082
:105E20000000000000000000000000007F000000F3
:105E30000000000000000000000000000000000062
:105E40000000000000000000000000007F000000D3
:105E50000000000000000000000000000000000042
:105E6000000000000000000000000000007F0000B3
:105E70000000000000000000000000000000000022
:105E8000000000000000000000000000007F000093
:105E90000000000000000000000000000000000002
:105EA000000000000000000000000000007F000073
:105EB00000000000000000000000000000000000E2
:105EC000000000000000000000000000007F000053
:105ED00000000000000000000000000000000000C2
:105EE000000000000000000000000000007F000033
:105EF00000000000000000000000000000000000A2
:105F0000000000000000000000000000007F000012
:105F10000000000000000000000000000000000081
:105F200000000000000000000000000000007F00F2
:105F30000000000000000000000000000000000061
:105F400000000000000000000000000000007F00D2
:105F50000000000000000000000000000000000041
:105F600000000000000000000000000000007F00B2
:105F70000000000000000000000000000000000021
:105F800000000000000000000000000000007F0092
:105F90000000000000000000000000000000000001
:105FA00000000000000000000000000000007F0072
:105FB00000000000000000000000000000000000E1
:105FC00000000000000000000000000000007F0052
:105FD00000000000000000000000000000000000C1
:105FE0000000000000000000000000000000007F32
:105FF00000000000000000000000000000000000A1
:106000000000000000000000000000000000007F11
:106010000000000000000000000000000000000080
:106020000000000000000000000000000000007FF1
:106030000000000000000000000000000000000060
:106040000000000000000000000000000000007FD1
:106050000000000000000000000000000000000040
:106060000000000000000000000000000000007FB1
:106070000000000000000000000000000000000020
:106080000000000000000000000000000000007F91
:106090000000000000000000000000000000000000
:1060A00000000000000000000000000000000000F0
:1060B0007F00000000000000000000000000000061
:1060C00000000000000000000000000000000000D0
:1060D0007F00000000000000000000000000000041
:1060E00000000000000000000000000000000000B0
:1060F0007F00000000000000000000000000000021
:10610000000000000000000000000000000000008F
:106110007F00000000000000000000000000000000
:10612000000000000000000000000000000000006F
:106130007F000000000000000000000000000000E0
:10614000000000000000000000000000000000004F
:106150007F000000000000000000000000000000C0
:10616000000000000000000000000000000000002F
:10617000007F0000000000000000000000000000A0
:10618000000000000000000000000000000000000F
:10619000007F000000000000000000000000000080
:1061A00000000000000000000000000000000000EF
:1061B000007F000000000000000000000000000060
:1061C00000000000000000000000000000000000CF
:1061D000007F000000000000000000000000000040
:1061E00000000000000000000000000000000000AF
:1061F000007F000000000000000000000000000020
:10620000000000000000000000000000000000008E
:10621000007F0000000000000000000000000000FF
:10622000000000000000000000000000000000006E
:1062300000007F00000000000000000000000000DF
:10624000000000000000000000000000000000004E
:1062500000007F00000000000000000000000000BF
:10626000000000000000000000000000000000002E
:1062700000007F000000000000000000000000009F
:10628000000000000000000000000000000000000E
:1062900000007F000000000000000000000000007F
:1062A00000000000000000000000000000000000EE
:1062B00000007F000000000000000000000000005F
:1062C00000000000000000000000000000000000CE
:1062D00000007F000000000000000000000000003F
:1062E00000000000000000000000000000000000AE
:1062F0000000007F0000000000000000000000001F
:10630000000000000000000000000000000000008D
:106310000000007F000000000000000000000000FE
:10632000000000000000000000000000000000006D
:106330000000007F000000000000000000000000DE
:10634000000000000000000000000000000000004D
:106350000000007F000000000000000000000000BE
:10636000000000000000000000000000000000002D
:106370000000007F0000000000000000000000009E
:10638000000000000000000000000000000000000D
:106390000000007F0000000000000000000000007E
:1063A00000000000000000000000000000000000ED
:1063B000000000007F00000000000000000000005E
:1063C00000000000000000000000000000000000CD
:1063D000000000007F00000000000000000000003E
:1063E00000000000000000000000000000000000AD
:1063F000000000007F00000000000000000000001E
:10640000000000000000000000000000000000008C
:10641000000000007F0000000000000000000000FD
:10642000000000000000000000000000000000006C
:10643000000000007F0000000000000000000000DD
:10644000000000000000000000000000000000004C
:10645000000000007F0000000000000000000000BD
:10646000000000000000000000000000000000002C
:1064700000000000007F000000000000000000009D
:10648000000000000000000000000000000000000C
:1064900000000000007F000000000000000000007D
:1064A00000000000000000000000000000000000EC
:1064B00000000000007F000000000000000000005D
:1064C00000000000000000000000000000000000CC
:1064D00000000000007F000000000000000000003D
:1064E00000000000000000000000000000000000AC
:1064F00000000000007F000000000000000000001D
:10650000000000000000000000000000000000008B
:1065100000000000007F00000000000000000000FC
:10652000000000000000000000000000000000006B
:106530000000000000007F000000000000000000DC
:10654000000000000000000000000000000000004B
:106550000000000000007F000000000000000000BC
:10656000000000000000000000000000000000002B
:106570000000000000007F0000000000000000009C
:10658000000000000000000000000000000000000B
:106590000000000000007F0000000000000000007C
:1065A00000000000000000000000000000000000EB
:1065B0000000000000007F0000000000000000005C
:1065C00000000000000000000000000000000000CB
:1065D0000000000000007F0000000000000000003C
:1065E00000000000000000000000000000000000AB
:1065F000000000000000007F00000000000000001C
:10660000000000000000000000000000000000008A
:10661000000000000000007F0000000000000000FB
:10662000000000000000000000000000000000006A
:10663000000000000000007F0000000000000000DB
:10664000000000000000000000000000000000004A
:10665000000000000000007F0000000000000000BB
:10666000000000000000000000000000000000002A
:10667000000000000000007F00000000000000009B
:10668000000000000000000000000000000000000A
:10669000000000000000007F00000000000000007B
:1066A00000000000000000000000000000000000EA
:1066B00000000000000000007F000000000000005B
:1066C00000000000000000000000000000000000CA
:1066D00000000000000000007F000000000000003B
:1066E00000000000000000000000000000000000AA
:1066F00000000000000000007F000000000000001B
:106700000000000000000000000000000000000089
:1067100000000000000000007F00000000000000FA
:106720000000000000000000000000000000000069
:1067300000000000000000007F00000000000000DA
:106740000000000000000000000000000000000049
:1067500000000000000000007F00000000000000BA
:106760000000000000000000000000000000000029
:106770000000000000000000007F0000000000009A
:106780000000000000000000000000000000000009
:106790000000000000000000007F0000000000007A
:1067A00000000000000000000000000000000000E9
:1067B0000000000000000000007F0000000000005A
:1067C00000000000000000000000000000000000C9
:1067D0000000000000000000007F0000000000003A
:1067E00000000000000000000000000000000000A9
:1067F0000000000000000000007F0000000000001A
:106800000000000000000000000000000000000088
:106810000000000000000000007F000000000000F9
:106820000000000000000000000000000000000068
:10683000000000000000000000007F0000000000D9
:106840000000000000000000000000000000000048
:10685000000000000000000000007F0000000000B9
:106860000000000000000000000000000000000028
:10687000000000000000000000007F000000000099
:106880000000000000000000000000000000000008
:10689000000000000000000000007F000000000079
:1068A00000000000000000000000000000000000E8
:1068B000000000000000000000007F000000000059
:1068C00000000000000000000000000000000000C8
:1068D000000000000000000000007F000000000039
:1068E00000000000000000000000000000000000A8
:1068F00000000000000000000000007F0000000019
:106900000000000000000000000000000000000087
:1069100000000000000000000000007F00000000F8
:106920000000000000000000000000000000000067
:1069300000000000000000000000007F00000000D8
:106940000000000000000000000000000000000047
:1069500000000000000000000000007F00000000B8
:106960000000000000000000000000000000000027
:1069700000000000000000000000007F0000000098
:106980000000000000000000000000000000000007
:1069900000000000000000000000007F0000000078
:1069A00000000000000000000000000000000000E7
:1069B0000000000000000000000000007F00000058
:1069C00000000000000000000000000000000000C7
:1069D0000000000000000000000000007F00000038
:1069E00000000000000000000000000000000000A7
:1069F0000000000000000000000000007F00000018
:106A00000000000000000000000000000000000086
:106A10000000000000000000000000007F000000F7
:106A20000000000000000000000000000000000066
:106A30000000000000000000000000007F000000D7
:106A40000000000000000000000000000000000046
:106A50000000000000000000000000007F000000B7
:106A60000000000000000000000000000000000026
:106A7000000000000000000000000000007F000097
:106A80000000000000000000000000000000000006
:106A9000000000000000000000000000007F000077
:106AA00000000000000000000000000000000000E6
:106AB000000000000000000000000000007F000057
:106AC00000000000000000000000000000000000C6
:106AD000000000000000000000000000007F000037
:106AE00000000000000000000000000000000000A6
:106AF000000000000000000000000000007F000017
:106B00000000000000000000000000000000000085
:106B1000000000000000000000000000007F0000F6
:106B20000000000000000000000000000000000065
:106B300000000000000000000000000000007F00D6
:106B40000000000000000000000000000000000045
:106B500000000000000000000000000000007F00B6
:106B60000000000000000000000000000000000025
:106B700000000000000000000000000000007F0096
:106B80000000000000000000000000000000000005
:106B900000000000000000000000000000007F0076
:106BA00000000000000000000000000000000000E5
:106BB00000000000000000000000000000007F0056
:106BC00000000000000000000000000000000000C5
:106BD00000000000000000000000000000007F0036
:106BE00000000000000000000000000000000000A5
:106BF0000000000000000000000000000000007F16
:106C00000000000000000000000000000000000084
:106C10000000000000000000000000000000007FF5
:106C20000000000000000000000000000000000064
:106C30000000000000000000000000000000007FD5
:106C40000000000000000000000000000000000044
:106C50000000000000000000000000000000007FB5
:106C60000000000000000000000000000000000024
:106C70000000000000000000000000000000007F95
:106C80000000000000000000000000000000000004
:106C90000000000000000000000000000000007F75
:106CA00018982B0000F8730918982B0000F8730946
:106CB00018982B0000F8730918982B0000F8730936
:106CC00018982B0000F8730918982B0000F8730926
:106CD00018982B0000F8730918982B0000F8730916
:106CE00018982B0000F8730918982B0000F8730906
:106CF00018982B0000F8730918982B0000F87309F6
:106D000018982B0000F8730918982B0000F87309E5
:106D100018982B0000F8730918982B0000F87309D5
:106D200018982B0000F8730918982B0000F87309C5
:106D300018982B0000F8730918982B0000F87309B5
:106D400018982B0000F8730918982B0000F87309A5
:106D500018982B0000F8730918982B0000F8730995
:106D600018982B0000F8730918982B0000F8730985
:106D700018982B0000F8730918982B0000F8730975
:106D800018982B0000F8730918982B0000F8730965
:106D900018982B0000F8730918982B0000F8730955
:106DA00008430000F5570000F55B00002253000087
:106DB000495F00006A520000E15C0000F1580000E9
:106DC000BA710000EF7F000090710000C253000014
:106DD000E85000006A520000CF690000648400009F
:106DE0006B500000855B0000836200000A670000B2
:106DF0003A570000DD4E0000D9570000503F000018
:106E0000B96B0000B5650000F35900005060000048
:106E1000DB5F00001B930000734B0000966D0000C9
:106E2000020000000200000002000000020000005A
:106E3000020000000200000002000000020000004A
:106E4000020000000200000002000000020000003A
:106E5000020000000200000002000000020000002A
:106E6000020000000200000002000000020000001A
:106E7000020000000200000002000000020000000A
:106E800002000000020000000200000002000000FA
:106E900002000000020000000200000002000000EA
:106EA000A3E1FEFF7257FFFF130A01000822000052
:106EB00080840100420B0200C6DF0000509A0000EF
:106EC000C3380000BA3201004482FFFFEC4E0100DB
:106ED00057DF0100EE9600004852010076F20000F4
:106EE000928800008D9100002A8BFFFF803B0000FC
:106EF00014CB00001EC201007A4201004965FEFF6A
:106F000002F90000BE7E010069D40000A03BFFFF33
:106F100030420100B429010049880100CDF600008B
:106F2000CDFA7875EDB78668430B538A5B5CE23A1D
:106F30004E2FE8CCA74D016126F1B9E3AE29DF342D
:106F40000EB12E06E35FD0425A16B047F004534606
:106F5000F15C055DB4C662814CD44014D82EAAF50C
:106F60004540F5F25AAE374EAE0A5FE74DBA7FCFD5
:106F7000F05F175611C6BC83E95A3C67EB0569E917
:106F8000B5CD1606C9A27B7B2F3581E13647C1E01E
:106F9000F0BF0205F1EE77C3F1F4A5AE4F0D477FC8
:106FA000AAEE2F180F5DD9BBF25FDE5974E24F6372
:106FB000E47A0FE6186C248FF31ABDAC5F1A1E0C2E
:106FC000944136F6446C0014F4FAE55A64272554CB
:106FD0002A38CFA00861EC1234F820D62254EF6B87
:106FE0005405DE3BFD69ADB80EE722EF30CB452EF0
:106FF000250E0E24FD50D4BA24C404A8BEE007D147
:107000009E4BC16F7146C8D1AEBB2D3E89F8C4CA34
:10701000072F672125F10F91A93C782FF5EB6DDE45
:107020009DABB58AC76B024AC6D0EE18CC5E4CC980
:1070300048F237E8BDDDB6E8592D1F15D1E94DB24C
:1070400012A77FFA175D107FCEFC4C25E2C937D915
:1070500039332BB70AEA32AFE404C2342F2D03EBE5
:10706000DBC71AAD441ABEF62D42C9E02EDB32D280
:10707000A7E728D32FEAAB44D1E71BB74C20CACFF0
:1070800025E98A7F37267600ACB61AEEE443C82C91
:1070900081E32FF532556B90E37F53D91DF34FF900
:1070A0009D28207CDF40EFC4F5D3AC0E9676BA1D48
:1070B00018B9762A1652B6D24F685CC810364BE81B
:1070C0003D00D0ECF7A7D2A6242622B2464D2818C0
:1070D000673FB010BFD434F5263340DB09334C187A
:1070E000B2E6577D1A1E24EFB1CC09EF545B2DFA9E
:1070F0003ED63445686D29B8214C36402AF16C26BD
:107100006E8A6B0D457F6107FE7FFDE905A8C64DC0
:10711000F30C81B137DF65887FF0D5185B7FC6C17E
:10712000D71023B4F426D9367F71F04F7FA0037FA8
:10713000E11FB281CF3634FD2CF4D700E222351B9B
:1071400072032B047F4D79B9E61BBD1E446393DDAA
:107150009481FA3651273557582C1AAA5D127FD9D7
:10716000B37F4652E55E2913EFD8DB3C3C96A10283
:107170000DBEADC8BAF850340C39FF12601AFA5778
:10718000CCA3C2AD25496F4DEC6531F72303C1FC9B
:107190000BD0B410A042E5AFC52F48003735E43915
:1071A000B0FB857051E63F08453FDEB0077D3F23C9
:1071B000A8030A3444064908E21A1DD8A8E2440488
:1071C00081404FF41EFA29FEF2FCA77031111944D8
:1071D00033E1EF034CCD77F6360C2E817FE87871E2
:1071E00062042ED66CB9D561D72B122F0C03FAF698
:1071F000A1B03BD847F1F8550231E7F3111ED76C27
:1072000036392AA9AE3D352F1A3EC9ED5BB239FA9F
:10721000513EBAEB0C70BFD23F47D1B0321F983508
:107220008601C3B7F6447F373554A868629107DEFC
:107230001EE6D31B376C7F7DCD05BE1C3C22A5000E
:107240009AE6068B094EEE1F5240027F1A08FF4C49
:10725000614F8E2A0614DE0655FAA92A61F654E318
:107260004CE43709DD6A34B1170A5E2CBE8E6E001D
:10727000B2D70B22322D95BE650B0C15EB0A00CA56
:10728000880477412FB4C8C708E4F5084836562B60
:107290004A071FBEC0ABDB60C11D32312A20324D10
:1072A000284AFCA60BE1271D5C4409449F316C135E
:1072B000105AF85545441F010EFB464CE5DE044EBE
:1072C0005FA7570C33F9174FC3DCE54A71F709176D
:1072D000643A84DE24273FF1D108E1135329420C9C
:1072E00028EBD096275A40880FEB0245E01541C4A1
:1072F0000D4EDE74EB2719AAF7BBFBA6B0D7C82842
:10730000E48AB40950D798A2DF0313B32E7F5CF34D
:1073100004CD45427F7F25ADDF597FF6A8052FCFED
:10732000D812D6FCFF230C09B8591AFDFFD75F0904
:10733000944D80FFFFD76F0974342EFEFF8B4C09EC
:107340002269440000247D0935CFA30000A8490923
:1073500054BF46FFFF8773091573D8FEFFC7630943
:1073600042DD66FEFFEBC6098622670000BCFF090E
:1073700029E522FDFF43C6094B51B8FFFF0B4F091A
:107380005BF65F0000A04309EA5AC4FEFFAB49095F
:1073900040443100003CA709388EF7FFFF93110AE3
:1073A000D49AADFEFFAF4109F522D2FEFF176E0958
:1073B00029294EFDFF0F8A094CCB61FEFF2B9C094A
:1073C0003AC716FFFFEB5C09DFA62C0000743B09EF
:1073D0003DA3BCFFFF675F0977B26BFCFF43FD086D
:1073E000211FA5FFFFE7AE09493E620000D49609C0
:1073F00082882CFFFFCF6709887ADAFCFF43810976
:10740000BC8DE4FFFF6F7F090747AE00006C4C0A9C
:107410006F76D0FFFFCF2D099497A8FFFF5BB609C9
:107420001D8F00008A880000CD9900000200000036
:1074300002000000020000000306FFFFBC57FEFF31
:10744000CCE5FFFF0000000028A1C3000000000001
:10745000F517AA0000000000B288410000000000FB
:1074600077419000000000006C00DC00000000008C
:107470004F3317000000000008248D0000000000BA
:1074800089267F0000000000CAFD4B0000000000BC
:10749000A5C80A0000000000B48822000000000017
:1074A000F4F3EE000000000096B820000000000099
:1074B000730FBF000000000081764A00000000004A
:1074C00010BD0E00000000009DF10B000000000048
:1074D0009E120D000000000006A74C0000000000F6
:1074E000BC6AA00000000000140BF50000000000C2
:1074F000D5A1C60000000000D385170000000000E1
:107500009EB5FC00000000004A42DC0000000000C4
:10751000C292AA0000000000401C1C0000000000F5
:107520009F0C5C0000000000BC95D900000000002A
:1075300077812A00000000002CECE600000000002B
:1075400029823700000000006DFD62FEFF773C0AD3
:10755000ADDC08FDFF2B220AC10753000034670A87
:1075600000000040F9FFFFFF0101010102020202D9
:10757000030304040505060708090A0B0D0F111380
:1075800016191D21252B31383F48525E6B7A8B9F8F
:10759000B5CFEC0D335E8FC7074FA3016DE97516AC
:1075A000CC9D8B9ACF30C28D98ED969E130585A603
:1075B000802CC8765CA68635F40DD5AC01502930F8
:1075C0001EC81F394FC9428BBA2E9D1D33E3C30A13
:1075D000AF7C32A5EB8286EABB6C293E84E0D937CA
:1075E000C937FA79438198000000000000000000CC
:1075F000000000000000000000000000000000008B
:10760000000000000000000000000000000000007A
:10761000000000000000000000000000000000006A
:10762000000000000000000000000000000000005A
:10763000000000000000000000000000000000004A
:10764000000000000000000000000000000000003A
:10765000000000000000000000000000000000002A
:107660000000000001010101000000000000000016
:10767000000000000000000000000000000000000A
:1076800000000000000000000000000000000000FA
:1076900000000001010101010202020303030405CD
:1076A00005060708090B0C0E101215181C202429BA
:1076B0002F363D46505B6877879BB0C9E6062B5551
:1076C00085BBFA4192EE58D059F6A8745C6492EBEF
:1076D000733332781006663FA3A55BDE4BC36C7133
:1076E0000156AD5193D1770000000000000000006A
:1076F000000000000000000000000000000000008A
:107700000000000000000000000000000000000079
:107710000000000000000000000000000000000069
:107720000000000000000000000000000000000059
:107730000000000000000000000000000000000049
:107740000000000000000000000000000000000039
:107750000000000000000000000000000000000029
:107760000000000000000000000000000000000019
:107770000000000000000000000000000000000009
:1077800000000000000000000000000000000000F9
:1077900000000000000000000000000000000000E9
:1077A00000000000000000000000000000000000D9
:1077B00000000000000000000000000000010101C6
:1077C0000101010202020303040405060708090A75
:1077D0000C0E101215181B1F23282E343C444E5932
:1077E00066748497ACC4E000000000000000000054
:1077F0000000000000000000000000000000000089
:107800000000000000000000000000000000000078
:107810000000000000000000000000000000000068
:107820000000000000000000000000000000000058
:107830000000000000000000000000000000000048
:107840000000000000000000000000000000000038
:107850000000000000000000000000000000000028
:107860000000000000000000000000000000000018
:107870000000000000000000000000000000000008
:1078800000000000000000000000000000000000F8
:1078900000000000000000000000000000000000E8
:1078A00000000000000000000000000000000000D8
:1078B00000000000000000000000000000000000C8
:1078C00000000000000000000000000000000000B8
:1078D00000000000000000000000000000000000A8
:1078E0000000000000000001000000000000000097
:1078F0000000000000000000000000000000000088
:107900000000000000000000000000000000000077
:107910000000000000000000000000000000000067
:107920000000000000000000000000000000000057
:107930000000000000000000000000000000000047
:107940000000000000000000000000000000000037
:107950000000000000000000000000000000000027
:107960000000000000000000000000000100000016
:1079700002000000030000000400000005000000F9
:1079800006000000070000000800000009000000D9
:107990000A0000000B0000000D0000000F000000B6
:1079A0001100000013000000160000001900000084
:1079B0001D00000021000000250000002B00000039
:1079C00031000000380000003F00000048000000C7
:1079D000520000005E0000006B0000007A00000012
:1079E0008B0000009F000000B5000000CF000000E9
:1079F000EC0000000D010000330100005E010000FA
:107A00008F010000C7010000070200004F020000C4
:107A1000A3020000010300006D030000E903000061
:107A20007504000016050000CC0500009D0600004E
:107A30008B0700009A080000CF090000300B0000FF
:107A4000C20C00008D0E000098100000ED12000026
:107A5000961500009E180000131C00000520000071
:107A600085240000A6290000802F00002C3600008D
:107A7000C83D0000764600005C500000A65B000098
:107A80008668000035770000F48700000D9B000039
:107A9000D5B00000ACC9000001E6000050060100AE
:107AA000292B0100305501001E850100C8BB0100D3
:107AB0001FFA0100394102004F920200C9EE020094
:107AC000425803008BD00300BA5904002EF604007C
:107AD0009DA805001D740600335C0700E3640800E0
:107AE000C39209000AEB0A00AF730C007C330E004E
:107AF00032321000A5781200EB1015008206180033
:107B000086661B00EA3F1F00BBA323006CA528006C
:107B1000295B2E003EDE3400844B3C00E0C3440071
:107B2000D96C4E0037715900C90166003756740090
:107B3000FAAD8400795197004393AC0081D1C40021
:107B40009877E0000000000180FC04080A0C0E0F8A
:107B5000101112131415161718191A1B1C1D1E1FAD
:107B6000202122232425262728292A2B2C2D2E2F9D
:107B7000303132333435363738393A3B3C3D3E3F8D
:107B8000404142434445464748494A4B4C4D4E4F7D
:107B9000505152535455565758595A5B5C5D5E5F6D
:107BA000606162636465666768696A6B6C6D6E6F5D
:107BB000707172737475767778797A7B7C7D7E7F4D
:107BC000F6AF0000728200006D930000020000001A
:107BD0000200000002000000C45D0000C257FFFF69
:107BE000A92DFFFF00000000D6593F000000000053
:107BF0003EC802000000000049E7E9000000000064
:107C0000C26FFC00000000003D618B00000000001E
:107C10000CBC5600000000007FA80C000000000013
:107C20001B2DAD0000000000D83340000000000014
:107C300013815A00000000003A21060000000000F5
:107C4000E984C2000000000010B5B300000000008D
:107C5000C42FC30000000000B81150000000000055
:107C600008A62B00000000000A9CD30000000000C2
:107C70002C047F0000000000C74F2D000000000012
:107C8000CA1DEA00000000003A63ED000000000099
:107C9000CD05FF000000000050A5D100000000004D
:107CA000D31C3B0000000000F88C2B0000000000FB
:107CB000072A890000000000CCD99B0000000000CA
:107CC000F7B0B500000000003D96870000000000FE
:107CD00001BCEC00000000003354CE0000000000A6
:107CE000F33AA2000000000059CC6F0100D8BF0A8F
:107CF000611617FFFFCB090AEF7989FEFFB74D0A1E
:107D000000000040F9FFFFFF000000010101010138
:107D10000101010202020203030404050606070929
:107D20000A0B0D0F1114171A1E22272D343C454F34
:107D30005B69788A9FB7D2F2163F6FA6E52E81E184
:107D40004FCE5F07C7A4A2C6169854539D3F46C1A5
:107D5000C15BA4B8B4BCF793C6CBEA71BD395EB8B9
:107D6000E9A9CE4C3DE3B357BC15EC2A29C4672AD8
:107D7000E5522D5708FEB8BADA9989C0644281707D
:107D800071060C1D2F694500000000000000000076
:107D900000000000000000000000000000000000E3
:107DA00000000000000000000000000000000000D3
:107DB00000000000000000000000000000000000C3
:107DC00000000000000000000000000000000000B3
:107DD00000000000000000000000000000000000A3
:107DE0000000000000000000000000000000000093
:107DF0000000000000000000000000000000000083
:107E00000000000000000000000000000000000072
:107E10000000000000000000000000000000000062
:107E20000000000000000000000000000000000052
:107E30000000000000000000010101010102020237
:107E400003030405050607080A0B0D0F1114171A82
:107E50001E23282E353D46515D6B7B8EA3BCD8F882
:107E60001D4879B2F33D93F667EA7F2CF2D5DB0823
:107E700061EFB8C521D6F489A763D415468A0AF6FE
:107E800084F38A9C88BBB30000000000000000005F
:107E900000000000000000000000000000000000E2
:107EA00000000000000000000000000000000000D2
:107EB00000000000000000000000000000000000C2
:107EC00000000000000000000000000000000000B2
:107ED00000000000000000000000000000000000A2
:107EE0000000000000000000000000000000000092
:107EF0000000000000000000000000000000000082
:107F00000000000000000000000000000000000071
:107F10000000000000000000000000000000000061
:107F20000000000000000000000000000000000051
:107F30000000000000000000000000000000000041
:107F40000000000000000000000000000000000031
:107F50000000000000000000000000000000000021
:107F600001010101010202020303040505060709DC
:107F70000A0B0D0F1214171B1F242930373F4953CA
:107F8000606E7F92A8C1DE000000000000000000CB
:107F900000000000000000000000000000000000E1
:107FA00000000000000000000000000000000000D1
:107FB00000000000000000000000000000000000C1
:107FC00000000000000000000000000000000000B1
:107FD00000000000000000000000000000000000A1
:107FE0000000000000000000000000000000000091
:107FF0000000000000000000000000000000000081
:108000000000000000000000000000000000000070
:108010000000000000000000000000000000000060
:108020000000000000000000000000000000000050
:108030000000000000000000000000000000000040
:108040000000000000000000000000000000000030
:108050000000000000000000000000000000000020
:108060000000000000000000000000000000000010
:108070000000000000000000000000000000000000
:1080800000000000000000010000000000000000EF
:1080900000000000000000000000000000000000E0
:1080A00000000000000000000000000000000000D0
:1080B00000000000000000000000000000000000C0
:1080C00000000000000000000000000000000000B0
:1080D00000000000000000000000000000000000A0
:1080E0000000000000000000000000000000000090
:1080F0000000000000000000000000000000000080
:10810000000000000000000000000000010000006E
:108110000200000003000000040000000500000051
:108120000600000007000000090000000A0000002F
:108130000B0000000D0000000F0000001100000007
:1081400014000000170000001A0000001E000000CC
:1081500022000000270000002D0000003400000075
:108160003C000000450000004F0000005B000000E4
:1081700069000000780000008A0000009F000000F5
:10818000B7000000D2000000F2000000160100005D
:108190003F0100006F010000A6010000E5010000A2
:1081A0002E02000081020000E10200004F030000E7
:1081B000CE0300005F04000007050000C7050000B3
:1081C000A4060000A2070000C6080000160A00006E
:1081D000980B0000540D0000530F00009D1100008B
:1081E0003F14000046170000C11A0000C11E000025
:1081F0005B230000A4280000B82E0000B435000066
:10820000BC3D0000F746000093510000C65D000031
:10821000CB6B0000EA7B0000718E0000BDA3000064
:1082200039BC00005ED80000B8F80000E91D01006C
:10823000A9480100CE7901004CB201003DF30100D4
:10824000E33D0200B393020057F60200BC6703004F
:1082500015EA0300EC7F04002A2C050029F2050032
:10826000C4D5060067DB07002A080900E5610A009B
:1082700052EF0B002DB80D0057C50F00082112005A
:10828000FED61400B8F41700BA891B00DAA71F0045
:108290009963240089D42900C01530006446370052
:1082A000428A3F00810A490070F6530071846000E1
:1082B00006F36E000C8A7F001D9C92002F88A80098
:1082C00069BBC10045B3DE000000000180030B0F55
:1082D000111314161718191A1B1C1D1E1F202122FA
:1082E000232425262728292A2B2C2D2E2F303132E6
:1082F000333435363738393A3B3C3D3E3F404142D6
:10830000434445464748494A4B4C4D4E4F505152C5
:10831000535455565758595A5B5C5D5E5F606162B5
:10832000636465666768696A6B6C6D6E6F707172A5
:10833000737475767778797A7B7C7D7E7F00000018
:108340009BD70000EBD600000200000002000000F6
:108350009E9BFFFFE2E8FFFFDB1C00000000000027
:108360001D0B000000000000A70E00000000000030
:10837000CAF6000000000000965F00000000000048
:108380004F3E00000000000021E10000000000005E
:10839000BCC90000000000002AFF0000000000002F
:1083A00070F0000000000000B62500000000000092
:1083B0002385000000000000D691000000000000AE
:1083C000A927000000000000CF34000000000000DA
:1083D000C983000000000000170E0000000000002C
:1083E0000744000000000000F66E000000000000DE
:1083F0001DC6000000000000B7D90000000000000A
:1084000015A8000000000000641800000000000033
:10841000110C00000000000055C300000000000027
:10842000282C000000000000E245000000000000D1
:10843000CB600000000000007FFB00000000000097
:10844000FB55000000000000ADC900000000000066
:10845000BE81000000000000AAD31FFFFF6F5E0B6B
:10846000CD5E240000AC5B0B00000040F9FFFFFF75
:10847000F70E27425F7FA2C9F3205288C4054B98AC
:10848000ED49AD1B9215A33FE9A26D493A42619AAD
:10849000F166FEBBA1B3F66E201046C79AC7564FD1
:1084A000BDAA2232E7518086776972AD352AACDFEA
:1084B000EDFE44F2406BB76DDE60521E34103B4659
:1084C000D5974BC4E7AD2881FDFE09C3FAA6EC247D
:1084D000DEE4424DA6447A03062380D0663F146949
:1084E000A3182B5E72811E787F101CE117329C004E
:1084F000000000000000000000000000000000007C
:10850000000000000000000000000000000000006B
:10851000000000000000000000000000000000005B
:108520000000000000000000000001010101010145
:10853000010101010101020202020202030303031D
:1085400004040405050606070708090A0B0C0D0EAE
:108550000F1012141517191C1E2124272B2F333826
:108560003D42494F565E67707B8692A0AEBED0E317
:1085700000010101010101010102020202030303E2
:1085800003040405050606070708090A0B0C0D0E6F
:108590000F11121416181A1D202326292D31363BCF
:1085A00040464D545B646D77828E9BA9B9CADCF05E
:1085B000061E39557597BCE5114277B1F03580D26A
:1085C0002B8DF86CEB760EB3672C04EEEE06378538
:1085D000F07D2F080C40A7472444AD6677E7BF081D
:1085E000CD1AFA7BAC9D6007A85A3554D7DC8700BA
:1085F000000000000000000000000000000000007B
:10860000000000000000000000000000000000006A
:10861000000000000000000000000000000000005A
:10862000000000000000000000000000000000004A
:10863000000000000000000000000000000000003A
:10864000000000000000000000000000000000002A
:10865000000000000000000000000000000000001A
:10866000000000000000000000000000000000000A
:1086700000000000000000000000000000000000FA
:1086800000000000000000000000000000000000EA
:1086900000000000000000000000000000000000DA
:1086A00000000000000000000000000000000000CA
:1086B000010101010101010102020202020303039F
:1086C000040404050506070708090A0A0B0D0E0F26
:1086D00010121416181A1C1F2225282C3034393F6A
:1086E000444B5159616A747F8A97A5B4C4D6EA0095
:1086F000000000000000000000000000000000007A
:108700000000000000000000000000000000000069
:108710000000000000000000000000000000000059
:108720000000000000000000000000000000000049
:108730000000000000000000000000000000000039
:108740000000000000000000000000000000000029
:108750000000000000000000000000000000000019
:108760000000000000000000000000000000000009
:1087700000000000000000000000000000000000F9
:1087800000000000000000000000000000000000E9
:1087900000000000000000000000000000000000D9
:1087A00000000000000000000000000000000000C9
:1087B00000000000000000000000000000000000B9
:1087C00000000000000000000000000000000000A9
:1087D0000000000000000000000000000000000099
:1087E0000000000000000000000000000000000188
:1087F0000000000000000000000000000000000079
:108800000000000000000000000000000000000068
:108810000000000000000000000000000000000058
:108820000000000000000000000000000000000048
:108830000000000000000000000000000000000038
:108840000000000000000000000000000000000028
:108850000000000000000000000000000000000018
:108860000000000000000000000000000000000008
:1088700000000000010000000200000003000000F2
:1088800004000000050000000600000007000000D2
:1088900008000000090000000A0000000B000000B2
:1088A0000C0000000D0000000E0000000F00000092
:1088B000100000001200000014000000150000006D
:1088C00017000000190000001C0000001E0000003E
:1088D0002100000024000000270000002B00000001
:1088E0002F00000033000000380000003D000000B1
:1088F00042000000490000004F0000005600000048
:108900005E00000067000000700000007B000000B7
:108910008600000092000000A0000000AE000000F1
:10892000BE000000D0000000E3000000F7000000DF
:108930000E01000027010000420100005F0100005D
:108940007F010000A2010000C9010000F301000046
:10895000200200005202000088020000C402000051
:10896000050300004B03000098030000ED03000026
:1089700049040000AD0400001B0500009205000042
:1089800015060000A30600003F070000E9070000ED
:10899000A20800006D090000490A00003A0B00001F
:1089A000420C0000610D00009A0E0000F10F000063
:1089B00066110000FE120000BB140000A1160000AA
:1089C000B3180000F61A00006E1D00002020000001
:1089D0001023000046260000C72900009A2D000041
:1089E000C7310000563600004F3B0000BD4000007C
:1089F000AA460000224D000032540000E75B000050
:108A000051640000806D00008677000077820000CE
:108A1000698E0000729B0000ADA9000035B900000E
:108A20002ACA0000ACDC0000DFF00000ED06010007
:108A3000FE1E010044390100F2550100407501009D
:108A40006B970100B7BC01006DE50100DE1102006B
:108A500060420200527702001EB1020034F00200B0
:108A6000103503003B80030046D20300D52B0400E1
:108A7000978D04004BF80400C46C0500E7EB05007B
:108A8000AD760600280E070081B30700FD670800D9
:108A9000FE2C090009040A00C3EE0A00FAEE0B00DE
:108AA000A6060D00EC370E0024850F00DEF0100046
:108AB000E47D1200422F14004D081600A60C180089
:108AC00044401A007AA71C0003471F000624220016
:108AD0002344250080AD2800D0662C006677300046
:108AE0003FE7340014BF390069083F00A3CD4400BC
:108AF000181A4B002BFA51005E7B590072AC6100D2
:108B0000819D6A001E60740078077F007FA88A003C
:108B1000105A97001C35A500E154B40017D7C400C3
:108B200032DCD6009C87EA000000000180BAC6CC87
:108B3000D0D3D5D7D9DADBDCDDDEDFE0E1E2E3E478
:108B4000E5E6E7E8E9EAEBECEDEEEFF0F1F2F3F45D
:108B5000F5F6F7F8F9FAFBFCFDFEFF00010203044D
:108B600005060708090A0B0C0D0E0F10111213143D
:108B700015161718191A1B1C1D1E1F20212223242D
:108B800025262728292A2B2C2D2E2F30313233341D
:108B900035363738393A3B3C3D3E3F40414243440D
:108BA00045464748494A4B4C4D4E4F5051525354FD
:108BB00055565758595A5B5C5D5E5F6061626364ED
:108BC00065666768696A6B6C6D6E6F7071727374DD
:108BD00075767778797A7B7C7D7E7F000000000057
:108BE0000500000007000000090000000000000070
:108BF000030000000300000003000000000000006C
:108C0000050000000700000009000000000000004F
:108C100003000000030000000300000066B35C0EC8
:108C20006A47BC146679D2D64ACA5774636797827A
:108C300095340157EB9D2581BFBB14A0CB3915FCA2
:108C4000EB5830DA3AFEA9FFDBBBCF0EBDBDAEBD9F
:108C5000326B36F33FF882E432861448A61183580B
:108C60003B0DF1F908593481535B6EBBC6ABFC0771
:108C7000AE22CD50A3310000000000000000000033
:108C800000000000000000000000000000000000E4
:108C900000000000000000000000000000000000D4
:108CA00000000000000000000000000080807F0045
:108CB00000000000000000000000000000000000B4
:108CC00000000000000000000000000000000000A4
:108CD0000000000000000000000000007F80810014
:108CE0000000000000000000000000000000000084
:108CF0000000000000000000000000000000000074
:108D00000000000000000000000000007F80000064
:108D10000000000000000000000000000000000053
:0C8D200000000000000000000000000047
:00000001FF
